Inference,Time (s),FPS
1,0.018332958221435547,54.546570603688195
2,0.014597654342651367,68.50415666291015
3,0.014490842819213867,69.00909853732375
4,0.014568090438842773,68.64317627612392
5,0.014533758163452148,68.80532817139388
6,0.014519214630126953,68.8742487438011
7,0.014485836029052734,69.03295039336383
8,0.014544486999511719,68.75457347059209
9,0.014479398727416992,69.06364130345293
10,0.014487504959106445,69.02499794289476
11,0.015579462051391602,64.18706863570281
12,0.015066385269165039,66.37292105138228
13,0.01458740234375,68.55230125523012
14,0.014454126358032227,69.18439587628866
15,0.014527320861816406,68.83581697630144
16,0.014440774917602539,69.24836137297957
17,0.014500617980957031,68.96257809930944
18,0.014519929885864258,68.87085597937636
19,0.014495611190795898,68.98639780259543
20,0.014471769332885742,69.10005107168158
21,0.014494895935058594,68.9898019606553
22,0.014478921890258789,69.06591578982035
23,0.01448202133178711,69.0511343057522
24,0.014560461044311523,68.67914394720898
25,0.014766931533813477,67.71887563169027
26,0.014662742614746094,68.2000650406504
27,0.014486074447631836,69.03181421682385
28,0.01456761360168457,68.64542315183057
29,0.014471769332885742,69.10005107168158
30,0.014554262161254883,68.70839544598248
31,0.01445460319519043,69.1821135797582
32,0.014501810073852539,68.95690916563913
33,0.014488697052001953,69.01931874280072
34,0.014475822448730469,69.08070360366295
35,0.01449894905090332,68.9705161725289
36,0.01463007926940918,68.35232957971417
37,0.014513731002807617,68.90027104722793
38,0.01445150375366211,69.19695119939288
39,0.014768838882446289,67.71012995399144
40,0.014570236206054688,68.63306715538683
41,0.014512777328491211,68.90479867260272
42,0.014482498168945312,69.04886079283551
43,0.014480352401733398,69.05909278011032
44,0.014508485794067383,68.92518035265311
45,0.014556169509887695,68.69939233125318
46,0.014472007751464844,69.09891268533772
47,0.014516353607177734,68.88782314489373
48,0.014545917510986328,68.74781183412556
49,0.014474153518676758,69.08866889588035
50,0.014534473419189453,68.8019421934976
51,0.014510869979858398,68.91385570872286
52,0.014505386352539062,68.93990795529257
53,0.014732122421264648,67.87888203783723
54,0.01462697982788086,68.36681336593317
55,0.01448678970336914,69.02840591158947
56,0.014511823654174805,68.90932689306192
57,0.014461040496826172,69.15131730800937
58,0.014494180679321289,68.99320645469051
59,0.014501571655273438,68.9580428778114
60,0.014471054077148438,69.10346645577962
61,0.014513254165649414,68.9025347855371
62,0.01446986198425293,69.10915951294261
63,0.014487743377685547,69.02386202810783
64,0.01444864273071289,69.21065311375862
65,0.014525413513183594,68.84485588602193
66,0.014542818069458008,68.76246372772431
67,0.014743804931640625,67.82509702457956
68,0.015112638473510742,66.16978244750501
69,0.015848636627197266,63.096910070102595
70,0.016028881072998047,62.38738658337052
71,0.01644158363342285,60.821391801162974
72,0.015854835510253906,63.07224060150376
73,0.015498876571655273,64.52080545172059
74,0.01569676399230957,63.707398575269224
75,0.015527009963989258,64.40390019193858
76,0.01457357406616211,68.61734777345156
77,0.014804840087890625,67.54547796959547
78,0.01507878303527832,66.31834927662265
79,0.014541387557983398,68.7692282467905
80,0.014701128005981445,68.02199121000308
81,0.01491689682006836,67.03807179618323
82,0.014462709426879883,69.14333756449778
83,0.014501810073852539,68.95690916563913
84,0.014495134353637695,68.98866720397388
85,0.014553070068359375,68.71402359108781
86,0.014467477798461914,69.12054844185165
87,0.014472484588623047,69.09663602517215
88,0.014540910720825195,68.77148338224926
89,0.014475345611572266,69.08297921401983
90,0.014534950256347656,68.79968506003543
91,0.014568805694580078,68.63980623833993
92,0.014502763748168945,68.95237468970393
93,0.014518022537231445,68.87990409406665
94,0.014901161193847656,67.108864
95,0.01464700698852539,68.27333398443858
96,0.014510631561279297,68.91498800565213
97,0.014498233795166016,68.97391876336128
98,0.014581680297851562,68.57920209287116
99,0.014496088027954102,68.98412855051726
100,0.014568567276000977,68.6409295475002
101,0.014437437057495117,69.26437123276361
102,0.01459503173828125,68.51646628332462
103,0.014500856399536133,68.9614442380099
104,0.014555215835571289,68.70389359367066
105,0.014589309692382812,68.54333899856191
106,0.014470815658569336,69.10460499217399
107,0.01455545425415039,68.70276822276823
108,0.014740943908691406,67.83826098207932
109,0.014642477035522461,68.29445575185215
110,0.014544486999511719,68.75457347059209
111,0.014596700668334961,68.50863237672117
112,0.014484882354736328,69.03749547354907
113,0.01450037956237793,68.96371199789539
114,0.014485597610473633,69.0340866073045
115,0.014493465423583984,68.99661128475078
116,0.014494657516479492,68.99093675466733
117,0.014539003372192383,68.78050540332235
118,0.014589309692382812,68.54333899856191
119,0.014477252960205078,69.07387767201344
120,0.014478921890258789,69.06591578982035
121,0.014497041702270508,68.97959049420278
122,0.014729499816894531,67.89096795079314
123,0.01479959487915039,67.56941714727583
124,0.014494895935058594,68.9898019606553
125,0.01451873779296875,68.87651077246453
126,0.014493703842163086,68.99547630405817
127,0.014557838439941406,68.6915165411071
128,0.01456904411315918,68.63868296594498
129,0.014498710632324219,68.97165033217128
130,0.014508724212646484,68.92404772077431
131,0.014456510543823242,69.17298589923311
132,0.014516115188598633,68.88895458651557
133,0.014549732208251953,68.72978730377216
134,0.014544248580932617,68.75570053931774
135,0.014523744583129883,68.8527668795246
136,0.014802217483520508,67.55744543770638
137,0.01471400260925293,67.96247265656648
138,0.014641523361206055,68.29890410512775
139,0.01443624496459961,69.27009083402147
140,0.014562368392944336,68.67014849620983
141,0.014496326446533203,68.98299398046117
142,0.014507770538330078,68.9285784716516
143,0.014559030532836914,68.68589208220749
144,0.014495849609375,68.98526315789474
145,0.014515876770019531,68.89008606530452
146,0.01485753059387207,67.30593577996373
147,0.014505386352539062,68.93990795529257
148,0.014515876770019531,68.89008606530452
149,0.01450967788696289,68.9195175654803
150,0.014791727066040039,67.60535774729614
151,0.014721870422363281,67.92615145429812
152,0.014555931091308594,68.7005175915613
153,0.01450800895690918,68.92744572808992
154,0.014475822448730469,69.08070360366295
155,0.014492511749267578,69.00115158095615
156,0.01447153091430664,69.10118949553527
157,0.014499902725219727,68.96597990693391
158,0.014515399932861328,68.89234913439111
159,0.014527320861816406,68.83581697630144
160,0.014531373977661133,68.81661717173374
161,0.01445460319519043,69.1821135797582
162,0.014498472213745117,68.9727845291148
163,0.01447606086730957,69.07956585470296
164,0.014714717864990234,67.95916912408049
165,0.014687538146972656,68.08492955002922
166,0.014510393142700195,68.91612033979067
167,0.014511585235595703,68.91045904117242
168,0.014531135559082031,68.81774627551356
169,0.014455080032348633,69.1798314338023
170,0.014480829238891602,69.05681874310552
171,0.014523506164550781,68.85389716987326
172,0.014481544494628906,69.05340796838986
173,0.014575481414794922,68.60836850197926
174,0.01450037956237793,68.96371199789539
175,0.014492988586425781,68.99888135816279
176,0.014470577239990234,69.10574356608561
177,0.014496803283691406,68.98072495230576
178,0.014745473861694336,67.81742040842725
179,0.014638423919677734,68.31336525619727
180,0.014476776123046875,69.07615283267457
181,0.014499187469482422,68.96938205018581
182,0.014485597610473633,69.0340866073045
183,0.014516830444335938,68.88556037314413
184,0.014582157135009766,68.57695955004742
185,0.014519929885864258,68.87085597937636
186,0.014525651931762695,68.84372589249077
187,0.014468908309936523,69.11371463410615
188,0.014496326446533203,68.98299398046117
189,0.014490127563476562,69.012504936159
190,0.014490127563476562,69.012504936159
191,0.014447927474975586,69.21407944025479
192,0.014804601669311523,67.5465657460343
193,0.014585494995117188,68.5612658558912
194,0.014708995819091797,67.98560637987487
195,0.014461755752563477,69.14789719240979
196,0.014521598815917969,68.86294082879097
197,0.014493703842163086,68.99547630405817
198,0.014491796493530273,69.00455719526842
199,0.014486074447631836,69.03181421682385
200,0.01449275016784668,69.00001645088588
201,0.014464139938354492,69.13649925000412
202,0.014525413513183594,68.84485588602193
203,0.014494657516479492,68.99093675466733
204,0.014492034912109375,69.00342195314556
205,0.014496326446533203,68.98299398046117
206,0.014738321304321289,67.85033243282592
207,0.014775276184082031,67.68062996191829
208,0.014487504959106445,69.02499794289476
209,0.01450657844543457,68.93424274796614
210,0.014476776123046875,69.07615283267457
211,0.014490365982055664,69.0113694325156
212,0.014925003051757812,67.00166134185304
213,0.015336990356445312,65.20184056709364
214,0.014539957046508789,68.77599409690907
215,0.014519929885864258,68.87085597937636
216,0.014483928680419922,69.04204115226338
217,0.014519691467285156,68.871986863711
218,0.014501333236694336,68.9591766272627
219,0.014507293701171875,68.93084407047068
220,0.014777898788452148,67.66861881483632
221,0.014685630798339844,68.09377232287811
222,0.01448202133178711,69.0511343057522
223,0.01451420783996582,68.89800745766053
224,0.014474630355834961,69.08639291067517
225,0.014577150344848633,68.60051356700086
226,0.014479875564575195,69.06136696688786
227,0.014477968215942383,69.0704652120214
228,0.01450490951538086,68.9421742989579
229,0.014487028121948242,69.02726988463374
230,0.014500141143798828,68.96484593376961
231,0.014507055282592773,68.93197692573176
232,0.014549970626831055,68.72866108443803
233,0.014506340026855469,68.93537571494313
234,0.01475977897644043,67.75169205421035
235,0.014650344848632812,68.2577789350345
236,0.014535188674926758,68.7985565488395
237,0.014528274536132812,68.83129841144807
238,0.014477729797363281,69.07160266122126
239,0.014526128768920898,68.84146601670852
240,0.014540433883666992,68.77373866561726
241,0.014600276947021484,68.49185146477677
242,0.01450657844543457,68.93424274796614
243,0.014574289321899414,68.61398027122969
244,0.014474153518676758,69.08866889588035
245,0.014543771743774414,68.75795478762643
246,0.014533042907714844,68.8087144825776
247,0.014534950256347656,68.79968506003543
248,0.014695167541503906,68.04958141345966
249,0.014650106430053711,68.258889774928
250,0.014500617980957031,68.96257809930944
251,0.014587163925170898,68.55342170210679
252,0.014545679092407227,68.74893868117819
253,0.014497756958007812,68.97618734377056
254,0.01446986198425293,69.10915951294261
255,0.014495372772216797,68.9875324846212
256,0.014528751373291016,68.82903935147199
257,0.014461755752563477,69.14789719240979
258,0.014521121978759766,68.86520211473417
259,0.01446390151977539,69.13763887515248
260,0.014495849609375,68.98526315789474
261,0.014481306076049805,69.05454485585868
262,0.01472020149230957,67.93385270727717
263,0.014776468276977539,67.67516982106265
264,0.014516115188598633,68.88895458651557
265,0.014556169509887695,68.69939233125318
266,0.01449728012084961,68.97845607341381
267,0.01446843147277832,69.11599241987311
268,0.014502286911010742,68.95464185312443
269,0.014529228210449219,68.82678043977683
270,0.014489889144897461,69.01364047716989
271,0.014478445053100586,69.0681904260049
272,0.01452183723449707,68.86181024150783
273,0.014455556869506836,69.17754943840609
274,0.014462471008300781,69.14447741510057
275,0.014573812484741211,68.6162252359841
276,0.014762163162231445,67.7407497133259
277,0.014552831649780273,68.71514933075575
278,0.014709234237670898,67.98450441688954
279,0.014491796493530273,69.00455719526842
280,0.0145721435546875,68.62408376963351
281,0.014556169509887695,68.69939233125318
282,0.014443635940551758,69.2346445255113
283,0.014511823654174805,68.90932689306192
284,0.014535188674926758,68.7985565488395
285,0.014461517333984375,69.14903719335268
286,0.014539003372192383,68.78050540332235
287,0.014491081237792969,69.00796314577164
288,0.014464378356933594,69.135359662425
289,0.014478921890258789,69.06591578982035
290,0.014779806137084961,67.6598861125002
291,0.014627933502197266,68.36235616259738
292,0.014562845230102539,68.66790000163716
293,0.014493942260742188,68.99434136070536
294,0.014492273330688477,69.00228674837543
295,0.014552831649780273,68.71514933075575
296,0.01450657844543457,68.93424274796614
297,0.014477252960205078,69.07387767201344
298,0.014503717422485352,68.94784081008663
299,0.01451873779296875,68.87651077246453
300,0.014484643936157227,69.03863183711093
301,0.014623641967773438,68.38241815573235
302,0.015517711639404297,64.44249147282058
303,0.015336751937866211,65.20285416699053
304,0.014853477478027344,67.32430176565008
305,0.014808416366577148,67.52916552623529
306,0.014467954635620117,69.11827035578334
307,0.014522314071655273,68.85954917830934
308,0.014495372772216797,68.9875324846212
309,0.014475822448730469,69.08070360366295
310,0.014479637145996094,69.06250411644602
311,0.014524221420288086,68.85050641015118
312,0.014488935470581055,69.01818301492489
313,0.014496088027954102,68.98412855051726
314,0.014507055282592773,68.93197692573176
315,0.014495134353637695,68.98866720397388
316,0.014513254165649414,68.9025347855371
317,0.014465570449829102,69.1296622880029
318,0.014746427536010742,67.81303455077526
319,0.014698266983032227,68.03523171503187
320,0.014484643936157227,69.03863183711093
321,0.014480829238891602,69.05681874310552
322,0.014500856399536133,68.9614442380099
323,0.014447689056396484,69.21522162447606
324,0.014574527740478516,68.61285784393914
325,0.014467954635620117,69.11827035578334
326,0.014535665512084961,68.79629963750881
327,0.014504432678222656,68.94444079163654
328,0.014466524124145508,69.12510506452197
329,0.014510154724121094,68.91725271114032
330,0.014484167098999023,69.04090467646623
331,0.014491558074951172,69.00569247474581
332,0.014738321304321289,67.85033243282592
333,0.014641284942626953,68.30001628399283
334,0.014533042907714844,68.8087144825776
335,0.014536380767822266,68.79291454813843
336,0.014442920684814453,69.23807322790452
337,0.014483213424682617,69.04545080415494
338,0.014486312866210938,69.03067807768268
339,0.01449441909790039,68.99207158601178
340,0.01449894905090332,68.9705161725289
341,0.014555931091308594,68.7005175915613
342,0.014611005783081055,68.44155801772106
343,0.01448678970336914,69.02840591158947
344,0.014549970626831055,68.72866108443803
345,0.01447606086730957,69.07956585470296
346,0.014845848083496094,67.35890023768228
347,0.014610767364501953,68.44267484742664
348,0.014774799346923828,67.68281426496692
349,0.014946937561035156,66.903336948893
350,0.014558553695678711,68.6881417552364
351,0.014509439468383789,68.92065004847429
352,0.014521598815917969,68.86294082879097
353,0.014496564865112305,68.98185944772462
354,0.014514446258544922,68.89687571865042
355,0.014486312866210938,69.03067807768268
356,0.014480352401733398,69.05909278011032
357,0.014506816864013672,68.93310981822962
358,0.014503002166748047,68.9512411638994
359,0.014497041702270508,68.97959049420278
360,0.014905929565429688,67.08739603326936
361,0.014641284942626953,68.30001628399283
362,0.014527320861816406,68.83581697630144
363,0.014476776123046875,69.07615283267457
364,0.014467239379882812,69.12168754119973
365,0.014499664306640625,68.96711391739017
366,0.014500617980957031,68.96257809930944
367,0.014531373977661133,68.81661717173374
368,0.014491081237792969,69.00796314577164
369,0.014504194259643555,68.94557409386044
370,0.014467716217041016,69.1194093800468
371,0.014496803283691406,68.98072495230576
372,0.014487028121948242,69.02726988463374
373,0.014484167098999023,69.04090467646623
374,0.014780759811401367,67.65552060650053
375,0.014662504196166992,68.20117400282932
376,0.014538049697875977,68.78501730160552
377,0.01451253890991211,68.90593067192377
378,0.014566183090209961,68.65216466159261
379,0.014519691467285156,68.871986863711
380,0.014524221420288086,68.85050641015118
381,0.014509201049804688,68.92178256868674
382,0.014507532119750977,68.92971125244458
383,0.014473915100097656,69.08980694471899
384,0.014649629592895508,68.26111156318659
385,0.014465093612670898,69.13194112508447
386,0.014502286911010742,68.95464185312443
387,0.014548778533935547,68.73429255022779
388,0.014738798141479492,67.84813730406509
389,0.014808177947998047,67.53025277733055
390,0.01451420783996582,68.89800745766053
391,0.014533281326293945,68.80758567514806
392,0.014534235000610352,68.80307081576746
393,0.014462471008300781,69.14447741510057
394,0.01447606086730957,69.07956585470296
395,0.01450657844543457,68.93424274796614
396,0.01446080207824707,69.15245742172688
397,0.01447749137878418,69.07274014788466
398,0.014504432678222656,68.94444079163654
399,0.014511346817016602,68.91159122648484
400,0.014956474304199219,66.86067716635847
401,0.015100479125976562,66.2230642920298
402,0.014800548553466797,67.56506330745192
403,0.014716863632202148,67.94926045328624
404,0.014563560485839844,68.66452753585227
405,0.014456748962402344,69.1718451085164
406,0.014653921127319336,68.24112067422676
407,0.014513731002807617,68.90027104722793
408,0.014478445053100586,69.0681904260049
409,0.014497756958007812,68.97618734377056
410,0.014563798904418945,68.66340345420316
411,0.014478445053100586,69.0681904260049
412,0.014574527740478516,68.61285784393914
413,0.014497756958007812,68.97618734377056
414,0.014508962631225586,68.92291512611946
415,0.014582633972167969,68.57471715388137
416,0.01472926139831543,67.89206688356884
417,0.014672517776489258,68.15462862156936
418,0.01448202133178711,69.0511343057522
419,0.014511346817016602,68.91159122648484
420,0.01446843147277832,69.11599241987311
421,0.014504194259643555,68.94557409386044
422,0.014478683471679688,69.06705308918455
423,0.014510393142700195,68.91612033979067
424,0.014478206634521484,69.06932780028323
425,0.014519214630126953,68.8742487438011
426,0.014536619186401367,68.79178625904119
427,0.01446390151977539,69.13763887515248
428,0.01449441909790039,68.99207158601178
429,0.01448512077331543,69.03635914739527
430,0.014728546142578125,67.8953638953639
431,0.014556646347045898,68.69714192121857
432,0.014724254608154297,67.91515269276854
433,0.014550447463989258,68.72640875649282
434,0.014554262161254883,68.70839544598248
435,0.014438867568969727,69.2575089579102
436,0.014495372772216797,68.9875324846212
437,0.014501094818115234,68.96031041399493
438,0.014479637145996094,69.06250411644602
439,0.014504432678222656,68.94444079163654
440,0.014562606811523438,68.66902423051735
441,0.014522552490234375,68.85841870239034
442,0.014514446258544922,68.89687571865042
443,0.014499425888061523,68.96824796514018
444,0.014740228652954102,67.84155276991508
445,0.014669179916381836,68.17013668795813
446,0.014501571655273438,68.9580428778114
447,0.014579534530639648,68.58929535085281
448,0.014552593231201172,68.7162751073102
449,0.014477729797363281,69.07160266122126
450,0.014492988586425781,68.99888135816279
451,0.014501571655273438,68.9580428778114
452,0.014485359191894531,69.0352228586477
453,0.014489889144897461,69.01364047716989
454,0.01449441909790039,68.99207158601178
455,0.014536619186401367,68.79178625904119
456,0.014879941940307617,67.20456329813655
457,0.014918327331542969,67.03164354663427
458,0.014842748641967773,67.37296602682515
459,0.014733552932739258,67.8722915351878
460,0.014501094818115234,68.96031041399493
461,0.01455235481262207,68.71740092075298
462,0.014442920684814453,69.23807322790452
463,0.014473676681518555,69.09094503105078
464,0.01450490951538086,68.9421742989579
465,0.014477014541625977,69.07501523360946
466,0.014502286911010742,68.95464185312443
467,0.0145263671875,68.84033613445378
468,0.01450800895690918,68.92744572808992
469,0.014467716217041016,69.1194093800468
470,0.014495372772216797,68.9875324846212
471,0.014507055282592773,68.93197692573176
472,0.014721393585205078,67.92835163411395
473,0.014541387557983398,68.7692282467905
474,0.014544963836669922,68.75231944398912
475,0.014526844024658203,68.83807648120795
476,0.014484643936157227,69.03863183711093
477,0.014492273330688477,69.00228674837543
478,0.014506340026855469,68.93537571494313
479,0.014500617980957031,68.96257809930944
480,0.01447296142578125,69.09435951502373
481,0.014591217041015625,68.53437908496733
482,0.014510631561279297,68.91498800565213
483,0.014511346817016602,68.91159122648484
484,0.015207767486572266,65.75587119430595
485,0.014573335647583008,68.61847034764826
486,0.014888286590576172,67.16689619831534
487,0.014612674713134766,68.433741230217
488,0.014486074447631836,69.03181421682385
489,0.014486551284790039,69.02954197593851
490,0.014468193054199219,69.1171313690594
491,0.014568567276000977,68.6409295475002
492,0.014559745788574219,68.68251784895526
493,0.014493227005004883,68.99774630278505
494,0.014509439468383789,68.92065004847429
495,0.014482259750366211,69.04999753057966
496,0.014454841613769531,69.18097248795935
497,0.014488697052001953,69.01931874280072
498,0.014497995376586914,68.97505303491259
499,0.014487266540527344,69.02613389506945
500,0.014781713485717773,67.65115566380103
501,0.014589309692382812,68.54333899856191
502,0.014539480209350586,68.77824967613925
503,0.014570236206054688,68.63306715538683
504,0.01448202133178711,69.0511343057522
505,0.014590740203857422,68.53661884375306
506,0.014533758163452148,68.80532817139388
507,0.014450311660766602,69.20265967100596
508,0.01452779769897461,68.8335576197197
509,0.014467239379882812,69.12168754119973
510,0.014487504959106445,69.02499794289476
511,0.014497518539428711,68.97732168993701
512,0.014474630355834961,69.08639291067517
513,0.014549493789672852,68.73091356001639
514,0.014744281768798828,67.82290352834643
515,0.014673233032226562,68.15130638242559
516,0.014519214630126953,68.8742487438011
517,0.014537811279296875,68.78614536866964
518,0.014453887939453125,69.18553708102402
519,0.014499187469482422,68.96938205018581
520,0.014519453048706055,68.8731177851853
521,0.014511585235595703,68.91045904117242
522,0.014447212219238281,69.2175061060136
523,0.014464378356933594,69.135359662425
524,0.01449728012084961,68.97845607341381
525,0.014500617980957031,68.96257809930944
526,0.014598846435546875,68.49856284295792
527,0.014504671096801758,68.94330752666963
528,0.014785289764404297,67.63479214370949
529,0.01453256607055664,68.81097220855071
530,0.014587879180908203,68.55006047134965
531,0.014481067657470703,69.05568178076328
532,0.014516830444335938,68.88556037314413
533,0.014497995376586914,68.97505303491259
534,0.014487266540527344,69.02613389506945
535,0.014503002166748047,68.9512411638994
536,0.01452779769897461,68.8335576197197
537,0.014544010162353516,68.75682764499524
538,0.014486551284790039,69.02954197593851
539,0.014496803283691406,68.98072495230576
540,0.0144805908203125,69.05795574288724
541,0.014522075653076172,68.8606796913479
542,0.014745235443115234,67.81851696148497
543,0.014635086059570312,68.32894565359051
544,0.014467716217041016,69.1194093800468
545,0.014499902725219727,68.96597990693391
546,0.014485597610473633,69.0340866073045
547,0.01486659049987793,67.26491861117793
548,0.014544010162353516,68.75682764499524
549,0.014605283737182617,68.4683719943192
550,0.01455068588256836,68.72528264787809
551,0.014553070068359375,68.71402359108781
552,0.01447439193725586,69.08753088453302
553,0.014499187469482422,68.96938205018581
554,0.014523029327392578,68.85615786190367
555,0.014508724212646484,68.92404772077431
556,0.0147705078125,67.70247933884298
557,0.014607667922973633,68.45719695114985
558,0.01453542709350586,68.79742807466457
559,0.014463186264038086,69.14105797603152
560,0.014600276947021484,68.49185146477677
561,0.01453256607055664,68.81097220855071
562,0.014469146728515625,69.11257579752176
563,0.014499187469482422,68.96938205018581
564,0.014472007751464844,69.09891268533772
565,0.014544486999511719,68.75457347059209
566,0.014492988586425781,68.99888135816279
567,0.01459050178527832,68.53773877804467
568,0.014551639556884766,68.72077858242946
569,0.014562129974365234,68.6712727987164
570,0.014747858047485352,67.80645682784487
571,0.014691829681396484,68.06504170588427
572,0.014499425888061523,68.96824796514018
573,0.014524459838867188,68.84937623112279
574,0.01447606086730957,69.07956585470296
575,0.014507770538330078,68.9285784716516
576,0.014563322067260742,68.66565165430643
577,0.014613151550292969,68.43150819030215
578,0.01446533203125,69.13080168776371
579,0.014490842819213867,69.00909853732375
580,0.014541387557983398,68.7692282467905
581,0.014524221420288086,68.85050641015118
582,0.014562606811523438,68.66902423051735
583,0.014520883560180664,68.86633281339792
584,0.01487278938293457,67.23688302528014
585,0.014601707458496094,68.48514140160668
586,0.014432668685913086,69.28725530684729
587,0.01450347900390625,68.94897422409258
588,0.014482975006103516,69.04658742962499
589,0.014470338821411133,69.10688217751635
590,0.0145111083984375,68.91272344900105
591,0.014528274536132812,68.83129841144807
592,0.014510393142700195,68.91612033979067
593,0.014484882354736328,69.03749547354907
594,0.014527559280395508,68.8346872794709
595,0.014496088027954102,68.98412855051726
596,0.014485359191894531,69.0352228586477
597,0.014476776123046875,69.07615283267457
598,0.014737129211425781,67.85582087620527
599,0.014724493026733398,67.91405301251639
600,0.01453399658203125,68.80419947506562
601,0.014505147933959961,68.94104110849948
602,0.014460086822509766,69.15587798845837
603,0.01455831527709961,68.6892666470145
604,0.014480829238891602,69.05681874310552
605,0.014494180679321289,68.99320645469051
606,0.014484643936157227,69.03863183711093
607,0.014505624771118164,68.93877483933532
608,0.014482259750366211,69.04999753057966
609,0.014503002166748047,68.9512411638994
610,0.014509916305541992,68.91838511970292
611,0.014455795288085938,69.17640849716321
612,0.014797449111938477,67.57921533875775
613,0.014576196670532227,68.60500188102131
614,0.014537572860717773,68.78727347273473
615,0.014484167098999023,69.04090467646623
616,0.01456141471862793,68.67464592713877
617,0.014500617980957031,68.96257809930944
618,0.01457834243774414,68.59490400026166
619,0.015016317367553711,66.59422383817855
620,0.015067338943481445,66.36872003417884
621,0.014517784118652344,68.88103527556986
622,0.014539718627929688,68.77712186803096
623,0.014503955841064453,68.94670743334319
624,0.014511823654174805,68.90932689306192
625,0.014509201049804688,68.92178256868674
626,0.014828681945800781,67.43687696958004
627,0.014676094055175781,68.13802066411073
628,0.014454126358032227,69.18439587628866
629,0.014510393142700195,68.91612033979067
630,0.014468669891357422,69.11485350822265
631,0.014492511749267578,69.00115158095615
632,0.014554023742675781,68.70952100124501
633,0.01459956169128418,68.49520698946681
634,0.014573097229003906,68.619592958576
635,0.014469146728515625,69.11257579752176
636,0.014499664306640625,68.96711391739017
637,0.014492034912109375,69.00342195314556
638,0.014487743377685547,69.02386202810783
639,0.014545202255249023,68.75119248610815
640,0.014780998229980469,67.65442931802052
641,0.014564275741577148,68.66115540131288
642,0.014485359191894531,69.0352228586477
643,0.014473915100097656,69.08980694471899
644,0.014562129974365234,68.6712727987164
645,0.014528989791870117,68.8279098770902
646,0.014467716217041016,69.1194093800468
647,0.014510869979858398,68.91385570872286
648,0.014556646347045898,68.69714192121857
649,0.014537572860717773,68.78727347273473
650,0.014467477798461914,69.12054844185165
651,0.014542579650878906,68.76359105515115
652,0.014594793319702148,68.517585559095
653,0.014496564865112305,68.98185944772462
654,0.014737367630004883,67.85472311649653
655,0.014561176300048828,68.6757703769198
656,0.014764547348022461,67.72981090638979
657,0.01450037956237793,68.96371199789539
658,0.014512062072753906,68.90819478215154
659,0.01451253890991211,68.90593067192377
660,0.01449728012084961,68.97845607341381
661,0.014463186264038086,69.14105797603152
662,0.014483928680419922,69.04204115226338
663,0.014500856399536133,68.9614442380099
664,0.014499187469482422,68.96938205018581
665,0.014448404312133789,69.21179518489794
666,0.014517545700073242,68.88216649422739
667,0.014508724212646484,68.92404772077431
668,0.01473546028137207,67.86350618881967
669,0.014559745788574219,68.68251784895526
670,0.014604806900024414,68.47060744078227
671,0.014739036560058594,67.84703979294727
672,0.014492034912109375,69.00342195314556
673,0.01452183723449707,68.86181024150783
674,0.014780759811401367,67.65552060650053
675,0.014499664306640625,68.96711391739017
676,0.01447153091430664,69.10118949553527
677,0.014494180679321289,68.99320645469051
678,0.014497041702270508,68.97959049420278
679,0.014522552490234375,68.85841870239034
680,0.014484167098999023,69.04090467646623
681,0.014515876770019531,68.89008606530452
682,0.014768123626708984,67.71340931839462
683,0.01472926139831543,67.89206688356884
684,0.014484167098999023,69.04090467646623
685,0.014475822448730469,69.08070360366295
686,0.014577627182006836,68.59826963021115
687,0.014526605606079102,68.83920628928753
688,0.014451265335083008,69.1980928183723
689,0.014503955841064453,68.94670743334319
690,0.014481544494628906,69.05340796838986
691,0.014519929885864258,68.87085597937636
692,0.014488458633422852,69.0204545080551
693,0.014494895935058594,68.9898019606553
694,0.014532327651977539,68.81210112709793
695,0.014463663101196289,69.13877853787191
696,0.014778852462768555,67.6642521819091
697,0.014678955078125,68.12474012474013
698,0.014523029327392578,68.85615786190367
699,0.014469385147094727,69.1114369984676
700,0.01450967788696289,68.9195175654803
701,0.01447439193725586,69.08753088453302
702,0.014496803283691406,68.98072495230576
703,0.014496326446533203,68.98299398046117
704,0.014484405517578125,69.0397682380827
705,0.014519929885864258,68.87085597937636
706,0.01445913314819336,69.16043927052073
707,0.014515876770019531,68.89008606530452
708,0.014551639556884766,68.72077858242946
709,0.014480829238891602,69.05681874310552
710,0.014696598052978516,68.04295772363
711,0.014580249786376953,68.58593060143245
712,0.01476144790649414,67.74403204444876
713,0.014513015747070312,68.90366671047444
714,0.014474153518676758,69.08866889588035
715,0.014526605606079102,68.83920628928753
716,0.01460409164428711,68.47396088418715
717,0.01450800895690918,68.92744572808992
718,0.014498710632324219,68.97165033217128
719,0.014502763748168945,68.95237468970393
720,0.014510631561279297,68.91498800565213
721,0.014536619186401367,68.79178625904119
722,0.014524459838867188,68.84937623112279
723,0.014561176300048828,68.6757703769198
724,0.01492762565612793,66.98988995543914
725,0.014689207077026367,68.07719400756359
726,0.014497041702270508,68.97959049420278
727,0.014521598815917969,68.86294082879097
728,0.01443171501159668,69.29183393633015
729,0.014467716217041016,69.1194093800468
730,0.014488458633422852,69.0204545080551
731,0.014622688293457031,68.38687797560817
732,0.014487504959106445,69.02499794289476
733,0.014514684677124023,68.89574401682025
734,0.014492511749267578,69.00115158095615
735,0.014495849609375,68.98526315789474
736,0.014486312866210938,69.03067807768268
737,0.014475584030151367,69.08184139010129
738,0.014779806137084961,67.6598861125002
739,0.014590978622436523,68.53549894606121
740,0.014461755752563477,69.14789719240979
741,0.014641046524047852,68.30112849907994
742,0.014479398727416992,69.06364130345293
743,0.014551877975463867,68.7196526583108
744,0.01446533203125,69.13080168776371
745,0.014499187469482422,68.96938205018581
746,0.0144805908203125,69.05795574288724
747,0.014486312866210938,69.03067807768268
748,0.014834165573120117,67.41194811874186
749,0.015534639358520508,64.37227005540464
750,0.015549421310424805,64.31107499348349
751,0.015525579452514648,64.40983430335233
752,0.015335798263549805,65.20690888173748
753,0.015767335891723633,63.42225515249573
754,0.015490293502807617,64.55655600190855
755,0.015607595443725586,64.07136855933886
756,0.015327692031860352,65.24139432873432
757,0.014581680297851562,68.57920209287116
758,0.014460563659667969,69.15359757303963
759,0.014482498168945312,69.04886079283551
760,0.01450204849243164,68.95577549074409
761,0.014523983001708984,68.85163662628452
762,0.014480829238891602,69.05681874310552
763,0.01452326774597168,68.85502749733234
764,0.014495372772216797,68.9875324846212
765,0.014530420303344727,68.82113380917221
766,0.014809370040893555,67.5248168719311
767,0.014579296112060547,68.59041700735895
768,0.014748334884643555,67.80426453709242
769,0.014513254165649414,68.9025347855371
770,0.014497041702270508,68.97959049420278
771,0.014498710632324219,68.97165033217128
772,0.014482736587524414,69.0477240925179
773,0.0144805908203125,69.05795574288724
774,0.014519929885864258,68.87085597937636
775,0.01448512077331543,69.03635914739527
776,0.014463663101196289,69.13877853787191
777,0.014519929885864258,68.87085597937636
778,0.014528751373291016,68.82903935147199
779,0.01454925537109375,68.73203985317252
780,0.014738798141479492,67.84813730406509
781,0.014639139175415039,68.31002752398169
782,0.01464080810546875,68.30224075039082
783,0.014495134353637695,68.98866720397388
784,0.014518976211547852,68.87537973956024
785,0.014463663101196289,69.13877853787191
786,0.014467000961303711,69.12282667809292
787,0.01451420783996582,68.89800745766053
788,0.0144805908203125,69.05795574288724
789,0.014566898345947266,68.64879374120265
790,0.014520883560180664,68.86633281339792
791,0.014482259750366211,69.04999753057966
792,0.01446223258972168,69.14561730328558
793,0.014495849609375,68.98526315789474
794,0.014757633209228516,67.76154318394778
795,0.014564752578735352,68.65890749562114
796,0.014467954635620117,69.11827035578334
797,0.014492988586425781,68.99888135816279
798,0.014531135559082031,68.81774627551356
799,0.014507293701171875,68.93084407047068
800,0.014490127563476562,69.012504936159
801,0.014642715454101562,68.2933437540706
802,0.014501094818115234,68.96031041399493
803,0.01447296142578125,69.09435951502373
804,0.014486312866210938,69.03067807768268
805,0.014491558074951172,69.00569247474581
806,0.014555215835571289,68.70389359367066
807,0.01449728012084961,68.97845607341381
808,0.01474618911743164,67.81413096200485
809,0.01482701301574707,67.44446767113155
810,0.01457977294921875,68.58817373103088
811,0.014509916305541992,68.91838511970292
812,0.014508485794067383,68.92518035265311
813,0.01448202133178711,69.0511343057522
814,0.014501810073852539,68.95690916563913
815,0.01456141471862793,68.67464592713877
816,0.014602184295654297,68.48290500604121
817,0.014578580856323242,68.59378219700066
818,0.014468669891357422,69.11485350822265
819,0.014478921890258789,69.06591578982035
820,0.014509916305541992,68.91838511970292
821,0.014494895935058594,68.9898019606553
822,0.014724493026733398,67.91405301251639
823,0.014892578125,67.14754098360656
824,0.014478683471679688,69.06705308918455
825,0.014530181884765625,68.82226306117091
826,0.014466047286987305,69.12738360115368
827,0.01450800895690918,68.92744572808992
828,0.014494895935058594,68.9898019606553
829,0.014488697052001953,69.01931874280072
830,0.01450037956237793,68.96371199789539
831,0.014509439468383789,68.92065004847429
832,0.014524221420288086,68.85050641015118
833,0.014467477798461914,69.12054844185165
834,0.01451253890991211,68.90593067192377
835,0.014504432678222656,68.94444079163654
836,0.014708518981933594,67.98781041301952
837,0.014642000198364258,68.29667985605654
838,0.014475107192993164,69.08411707542042
839,0.014514923095703125,68.8946123521682
840,0.014551401138305664,68.72190454344371
841,0.014469385147094727,69.1114369984676
842,0.014499664306640625,68.96711391739017
843,0.014486551284790039,69.02954197593851
844,0.014476299285888672,69.07842814321947
845,0.014493465423583984,68.99661128475078
846,0.014496088027954102,68.98412855051726
847,0.014626741409301758,68.36792775758366
848,0.014544963836669922,68.75231944398912
849,0.014513969421386719,68.89913923385242
850,0.0148162841796875,67.49330587023687
851,0.014587879180908203,68.55006047134965
852,0.014457464218139648,69.16842296212009
853,0.01451253890991211,68.90593067192377
854,0.014492511749267578,69.00115158095615
855,0.014484167098999023,69.04090467646623
856,0.014614343643188477,68.42592622803726
857,0.014583826065063477,68.56911180499927
858,0.014508724212646484,68.92404772077431
859,0.014473676681518555,69.09094503105078
860,0.014483451843261719,69.04431421610587
861,0.014517545700073242,68.88216649422739
862,0.014475584030151367,69.08184139010129
863,0.014461278915405273,69.15017723188525
864,0.014757156372070312,67.76373271293784
865,0.014838457107543945,67.39245143564118
866,0.01452016830444336,68.86972513217957
867,0.014528751373291016,68.82903935147199
868,0.014604330062866211,68.47284303322178
869,0.014489412307739258,69.0159116713014
870,0.014494657516479492,68.99093675466733
871,0.014438867568969727,69.2575089579102
872,0.014554262161254883,68.70839544598248
873,0.014509439468383789,68.92065004847429
874,0.014484643936157227,69.03863183711093
875,0.014523029327392578,68.85615786190367
876,0.014480113983154297,69.06022985477657
877,0.014513492584228516,68.90140289778887
878,0.014683723449707031,68.10261739299864
879,0.014636993408203125,68.3200416992442
880,0.01450204849243164,68.95577549074409
881,0.014543771743774414,68.75795478762643
882,0.014448881149291992,69.20951108030955
883,0.014539718627929688,68.77712186803096
884,0.014481306076049805,69.05454485585868
885,0.014487266540527344,69.02613389506945
886,0.01450347900390625,68.94897422409258
887,0.014501094818115234,68.96031041399493
888,0.014525890350341797,68.84259593605357
889,0.014487981796264648,69.0227261507068
890,0.014952659606933594,66.87773454939729
891,0.015229463577270508,65.66219453011256
892,0.014954328536987305,66.87027087352327
893,0.014838695526123047,67.39136861724349
894,0.014547586441040039,68.73992493895145
895,0.01452016830444336,68.86972513217957
896,0.01448512077331543,69.03635914739527
897,0.014504671096801758,68.94330752666963
898,0.014487743377685547,69.02386202810783
899,0.014502763748168945,68.95237468970393
900,0.0144805908203125,69.05795574288724
901,0.014505624771118164,68.93877483933532
902,0.014467716217041016,69.1194093800468
903,0.014487504959106445,69.02499794289476
904,0.014510154724121094,68.91725271114032
905,0.01446676254272461,69.12396585253305
906,0.014775514602661133,67.67953786326304
907,0.014720678329467773,67.93165217109632
908,0.014531612396240234,68.8154881050041
909,0.014473676681518555,69.09094503105078
910,0.014505386352539062,68.93990795529257
911,0.014496326446533203,68.98299398046117
912,0.014501571655273438,68.9580428778114
913,0.014458656311035156,69.16272013719411
914,0.014525175094604492,68.84598591664889
915,0.014532327651977539,68.81210112709793
916,0.014497995376586914,68.97505303491259
917,0.014482736587524414,69.0477240925179
918,0.014493465423583984,68.99661128475078
919,0.01448512077331543,69.03635914739527
920,0.014707326889038086,67.99332112114384
921,0.014578580856323242,68.59378219700066
922,0.014493465423583984,68.99661128475078
923,0.014519929885864258,68.87085597937636
924,0.014530420303344727,68.82113380917221
925,0.014507770538330078,68.9285784716516
926,0.014553308486938477,68.71289788830458
927,0.014499425888061523,68.96824796514018
928,0.014499187469482422,68.96938205018581
929,0.014484167098999023,69.04090467646623
930,0.014541387557983398,68.7692282467905
931,0.014501571655273438,68.9580428778114
932,0.014487981796264648,69.0227261507068
933,0.014490604400634766,69.01023396623778
934,0.014762639999389648,67.7385616692776
935,0.014786958694458008,67.62715854307412
936,0.014476776123046875,69.07615283267457
937,0.014543533325195312,68.75908196721312
938,0.014612197875976562,68.43597441587261
939,0.014474868774414062,69.08525497430492
940,0.014520883560180664,68.86633281339792
941,0.014498710632324219,68.97165033217128
942,0.014474630355834961,69.08639291067517
943,0.014560699462890625,68.67801938695311
944,0.01450490951538086,68.9421742989579
945,0.014488458633422852,69.0204545080551
946,0.014468669891357422,69.11485350822265
947,0.014493465423583984,68.99661128475078
948,0.014782905578613281,67.64570027740146
949,0.015068292617797852,66.36451954874131
950,0.014775753021240234,67.67844579985154
951,0.014496088027954102,68.98412855051726
952,0.014542341232299805,68.76471841954259
953,0.014486551284790039,69.02954197593851
954,0.014497995376586914,68.97505303491259
955,0.014492988586425781,68.99888135816279
956,0.014497995376586914,68.97505303491259
957,0.014484643936157227,69.03863183711093
958,0.014493227005004883,68.99774630278505
959,0.014483451843261719,69.04431421610587
960,0.014590740203857422,68.53661884375306
961,0.014503955841064453,68.94670743334319
962,0.014832496643066406,67.4195332090272
963,0.014837026596069336,67.39894907682667
964,0.014496088027954102,68.98412855051726
965,0.014557123184204102,68.69489165861408
966,0.014435052871704102,69.27581137996532
967,0.014476299285888672,69.07842814321947
968,0.014499425888061523,68.96824796514018
969,0.014464616775512695,69.13422011241326
970,0.014495372772216797,68.9875324846212
971,0.01447439193725586,69.08753088453302
972,0.01452183723449707,68.86181024150783
973,0.014491558074951172,69.00569247474581
974,0.01450657844543457,68.93424274796614
975,0.014474868774414062,69.08525497430492
976,0.014699697494506836,68.02861081826292
977,0.014647245407104492,68.27222267437129
978,0.01449275016784668,69.00001645088588
979,0.014536857604980469,68.79065800695402
980,0.014480829238891602,69.05681874310552
981,0.014522075653076172,68.8606796913479
982,0.014510631561279297,68.91498800565213
983,0.014565467834472656,68.65553591304918
984,0.014486551284790039,69.02954197593851
985,0.014497995376586914,68.97505303491259
986,0.014482736587524414,69.0477240925179
987,0.014548778533935547,68.73429255022779
988,0.014467000961303711,69.12282667809292
989,0.014568805694580078,68.63980623833993
990,0.014754533767700195,67.77577765209664
991,0.014659404754638672,68.21559379370913
992,0.014461994171142578,69.1467572290547
993,0.014505147933959961,68.94104110849948
994,0.014600992202758789,68.4884962688395
995,0.014472484588623047,69.09663602517215
996,0.014487504959106445,69.02499794289476
997,0.014458656311035156,69.16272013719411
998,0.014534711837768555,68.80081360825419
999,0.014461994171142578,69.1467572290547
1000,0.014499664306640625,68.96711391739017
