#,start_preprocess,start_inference,end_inference
0,1732127915.3887131,1732127915.3899024,1732127915.3934972
1,1732127915.3936691,1732127915.394644,1732127915.3978617
2,1732127915.3979778,1732127915.3986132,1732127915.4017253
3,1732127915.4018114,1732127915.4024148,1732127915.4055238
4,1732127915.4056118,1732127915.4062161,1732127915.4093363
5,1732127915.4094317,1732127915.410066,1732127915.413184
6,1732127915.4132724,1732127915.413867,1732127915.416949
7,1732127915.4170258,1732127915.4176059,1732127915.4206436
8,1732127915.4207213,1732127915.421314,1732127915.424344
9,1732127915.4244232,1732127915.42501,1732127915.4280462
10,1732127915.4281218,1732127915.428696,1732127915.4317644
11,1732127915.4318433,1732127915.432418,1732127915.4354777
12,1732127915.4355512,1732127915.4361238,1732127915.4392092
13,1732127915.4392924,1732127915.4398913,1732127915.4429765
14,1732127915.4430664,1732127915.4436553,1732127915.446736
15,1732127915.4468157,1732127915.447392,1732127915.4504576
16,1732127915.4505315,1732127915.451102,1732127915.454168
17,1732127915.4542413,1732127915.4548085,1732127915.45787
18,1732127915.4579427,1732127915.4585104,1732127915.4615684
19,1732127915.4616642,1732127915.462232,1732127915.4652925
20,1732127915.465365,1732127915.4659321,1732127915.469008
21,1732127915.4690876,1732127915.4696765,1732127915.4727416
22,1732127915.4728496,1732127915.4734418,1732127915.4764845
23,1732127915.4765675,1732127915.477167,1732127915.4801981
24,1732127915.480277,1732127915.480867,1732127915.4838963
25,1732127915.4839664,1732127915.4845316,1732127915.4876027
26,1732127915.487707,1732127915.4883013,1732127915.4914122
27,1732127915.4915109,1732127915.492133,1732127915.4952397
28,1732127915.4953284,1732127915.495923,1732127915.4990377
29,1732127915.4991353,1732127915.4997616,1732127915.5028512
30,1732127915.5029337,1732127915.503512,1732127915.5065746
31,1732127915.506652,1732127915.507227,1732127915.510298
32,1732127915.510379,1732127915.5109665,1732127915.5140517
33,1732127915.5141358,1732127915.514724,1732127915.5177863
34,1732127915.5178616,1732127915.5184398,1732127915.521504
35,1732127915.5215788,1732127915.5221517,1732127915.5252202
36,1732127915.5252948,1732127915.5258708,1732127915.5289414
37,1732127915.5290196,1732127915.529603,1732127915.5326498
38,1732127915.5327291,1732127915.533328,1732127915.5363667
39,1732127915.5364387,1732127915.5370247,1732127915.5400515
40,1732127915.5401268,1732127915.5406952,1732127915.5437548
41,1732127915.5438263,1732127915.5443947,1732127915.5474532
42,1732127915.5475268,1732127915.5480955,1732127915.5511534
43,1732127915.5512273,1732127915.5517943,1732127915.5548496
44,1732127915.554918,1732127915.555483,1732127915.5585344
45,1732127915.5586042,1732127915.5591664,1732127915.5622325
46,1732127915.5623128,1732127915.5628917,1732127915.565961
47,1732127915.5660372,1732127915.566614,1732127915.569679
48,1732127915.5697577,1732127915.5703297,1732127915.5733871
49,1732127915.5734813,1732127915.5740523,1732127915.577113
50,1732127915.5771835,1732127915.5777438,1732127915.580769
51,1732127915.5808601,1732127915.5814247,1732127915.5844462
52,1732127915.5845191,1732127915.5850985,1732127915.5881257
53,1732127915.588202,1732127915.5887616,1732127915.5918224
54,1732127915.5919018,1732127915.5924742,1732127915.5955436
55,1732127915.5956497,1732127915.5962324,1732127915.5992973
56,1732127915.599374,1732127915.5999525,1732127915.6030233
57,1732127915.6030998,1732127915.603673,1732127915.606729
58,1732127915.606801,1732127915.6073701,1732127915.6104267
59,1732127915.610498,1732127915.6110594,1732127915.6141067
60,1732127915.6141775,1732127915.6147377,1732127915.6177986
61,1732127915.6178718,1732127915.618434,1732127915.6214924
62,1732127915.621561,1732127915.622124,1732127915.6251962
63,1732127915.6252756,1732127915.6258545,1732127915.6289191
64,1732127915.628993,1732127915.629568,1732127915.6326003
65,1732127915.6326766,1732127915.6332624,1732127915.6362967
66,1732127915.6363695,1732127915.6369522,1732127915.6399803
67,1732127915.6400537,1732127915.6406085,1732127915.643662
68,1732127915.643734,1732127915.644304,1732127915.647354
69,1732127915.6474252,1732127915.6479876,1732127915.651037
70,1732127915.651114,1732127915.6516738,1732127915.6547377
71,1732127915.6548173,1732127915.655389,1732127915.6584563
72,1732127915.658557,1732127915.6591384,1732127915.6622078
73,1732127915.6622841,1732127915.6628573,1732127915.6659155
74,1732127915.6659918,1732127915.6665618,1732127915.6696224
75,1732127915.6696908,1732127915.6702561,1732127915.6733074
76,1732127915.6733758,1732127915.6739376,1732127915.6769803
77,1732127915.6770504,1732127915.6776068,1732127915.6806314
78,1732127915.6807015,1732127915.6812804,1732127915.6843083
79,1732127915.6843789,1732127915.6849563,1732127915.6880016
80,1732127915.6880789,1732127915.6886506,1732127915.6917129
81,1732127915.691788,1732127915.692355,1732127915.6954238
82,1732127915.6955013,1732127915.696078,1732127915.6991405
83,1732127915.699214,1732127915.6997843,1732127915.702844
84,1732127915.7029147,1732127915.703486,1732127915.7065399
85,1732127915.7066126,1732127915.7071726,1732127915.7102327
86,1732127915.710302,1732127915.710869,1732127915.7139301
87,1732127915.7140017,1732127915.7145624,1732127915.7176216
88,1732127915.717698,1732127915.7182672,1732127915.7213488
89,1732127915.7214262,1732127915.7220025,1732127915.725065
90,1732127915.725139,1732127915.7257109,1732127915.7287474
91,1732127915.7288623,1732127915.729437,1732127915.7324672
92,1732127915.7325454,1732127915.7331374,1732127915.736175
93,1732127915.7362487,1732127915.736827,1732127915.7398558
94,1732127915.7399263,1732127915.7404935,1732127915.7435558
95,1732127915.743627,1732127915.744188,1732127915.7472434
96,1732127915.7473156,1732127915.7478821,1732127915.750952
97,1732127915.7510288,1732127915.7516093,1732127915.7546823
98,1732127915.7547607,1732127915.7553377,1732127915.7583992
99,1732127915.758473,1732127915.759038,1732127915.7620957
100,1732127915.7621691,1732127915.7627368,1732127915.7657883
101,1732127915.7658572,1732127915.7664227,1732127915.7694795
102,1732127915.7695534,1732127915.770118,1732127915.7731736
103,1732127915.773245,1732127915.7738068,1732127915.7768626
104,1732127915.776933,1732127915.7774954,1732127915.780526
105,1732127915.780603,1732127915.781195,1732127915.7842402
106,1732127915.784321,1732127915.7849133,1732127915.7879453
107,1732127915.788017,1732127915.7885833,1732127915.7916422
108,1732127915.7917123,1732127915.7922835,1732127915.7953348
109,1732127915.7954016,1732127915.7959678,1732127915.7990174
110,1732127915.799087,1732127915.7996557,1732127915.802705
111,1732127915.8027751,1732127915.8033347,1732127915.8063915
112,1732127915.8064637,1732127915.8070261,1732127915.8100808
113,1732127915.8101532,1732127915.8107152,1732127915.8137877
114,1732127915.8138719,1732127915.814452,1732127915.8175263
115,1732127915.8176029,1732127915.818183,1732127915.8212566
116,1732127915.821332,1732127915.821907,1732127915.8249562
117,1732127915.8250282,1732127915.8255951,1732127915.8286185
118,1732127915.828691,1732127915.829278,1732127915.8323038
119,1732127915.832375,1732127915.8329506,1732127915.8359814
120,1732127915.836052,1732127915.8366075,1732127915.8396611
121,1732127915.8397315,1732127915.8402913,1732127915.8433473
122,1732127915.8434238,1732127915.8439946,1732127915.8470695
123,1732127915.8471506,1732127915.847729,1732127915.8508017
124,1732127915.8508792,1732127915.8514588,1732127915.854527
125,1732127915.8545978,1732127915.8551702,1732127915.8582222
126,1732127915.8582926,1732127915.8588593,1732127915.8619123
127,1732127915.862015,1732127915.862582,1732127915.865637
128,1732127915.8657117,1732127915.866276,1732127915.8693516
129,1732127915.8694258,1732127915.8699923,1732127915.8730385
130,1732127915.8731108,1732127915.873678,1732127915.8767352
131,1732127915.8768399,1732127915.8774242,1732127915.880468
132,1732127915.880549,1732127915.881144,1732127915.8841815
133,1732127915.88426,1732127915.8848615,1732127915.8879023
134,1732127915.8879783,1732127915.8885481,1732127915.8916097
135,1732127915.891857,1732127915.892437,1732127915.8954997
136,1732127915.8955765,1732127915.8961523,1732127915.8991976
137,1732127915.8992708,1732127915.8998363,1732127915.9028854
138,1732127915.9029593,1732127915.9035242,1732127915.906595
139,1732127915.9066806,1732127915.9072635,1732127915.9103315
140,1732127915.9104097,1732127915.91099,1732127915.9140408
141,1732127915.9141169,1732127915.9146898,1732127915.9177525
142,1732127915.9178257,1732127915.9183922,1732127915.9214518
143,1732127915.9215271,1732127915.9220898,1732127915.9251611
144,1732127915.925237,1732127915.9258056,1732127915.9288504
145,1732127915.9289172,1732127915.9294822,1732127915.9325094
146,1732127915.9325821,1732127915.9331732,1732127915.9362133
147,1732127915.9362912,1732127915.9368858,1732127915.9399338
148,1732127915.9400117,1732127915.9405887,1732127915.9436452
149,1732127915.9437194,1732127915.9442868,1732127915.9473445
150,1732127915.9474187,1732127915.9479916,1732127915.951047
151,1732127915.9511158,1732127915.9516869,1732127915.9547465
152,1732127915.9548173,1732127915.9553883,1732127915.958441
153,1732127915.9585125,1732127915.9590733,1732127915.9621358
154,1732127915.9622087,1732127915.9627717,1732127915.965832
155,1732127915.9659052,1732127915.9664724,1732127915.9695508
156,1732127915.9696338,1732127915.9702172,1732127915.973299
157,1732127915.9733765,1732127915.9739509,1732127915.977016
158,1732127915.9770904,1732127915.9776633,1732127915.9807022
159,1732127915.9807963,1732127915.9813783,1732127915.984414
160,1732127915.9844887,1732127915.9851027,1732127915.9882321
161,1732127915.9883306,1732127915.9889686,1732127915.9920104
162,1732127915.9920864,1732127915.9926598,1732127915.9957256
163,1732127915.9957995,1732127915.996363,1732127915.9994295
164,1732127915.9995096,1732127916.000088,1732127916.003149
165,1732127916.003227,1732127916.0038018,1732127916.0068552
166,1732127916.0069256,1732127916.0074916,1732127916.010549
167,1732127916.0106244,1732127916.0111885,1732127916.01424
168,1732127916.0143101,1732127916.0148742,1732127916.0179205
169,1732127916.0179906,1732127916.018547,1732127916.0215995
170,1732127916.0216684,1732127916.0222244,1732127916.0252829
171,1732127916.0253563,1732127916.0259182,1732127916.0289621
172,1732127916.0290325,1732127916.029589,1732127916.0326087
173,1732127916.0326853,1732127916.0332608,1732127916.0362859
174,1732127916.0363653,1732127916.0369473,1732127916.0399742
175,1732127916.040055,1732127916.040617,1732127916.0436647
176,1732127916.0437357,1732127916.044298,1732127916.0473502
177,1732127916.047421,1732127916.0479794,1732127916.0510292
178,1732127916.0511012,1732127916.0516589,1732127916.054712
179,1732127916.0547829,1732127916.055345,1732127916.0583968
180,1732127916.0584698,1732127916.059028,1732127916.0620823
181,1732127916.0621562,1732127916.0627143,1732127916.0657606
182,1732127916.0658324,1732127916.0663884,1732127916.0694387
183,1732127916.0695145,1732127916.070073,1732127916.0731292
184,1732127916.073203,1732127916.0737615,1732127916.076806
185,1732127916.0768774,1732127916.0774329,1732127916.080458
186,1732127916.0805378,1732127916.0811138,1732127916.08414
187,1732127916.0842214,1732127916.0848024,1732127916.0878372
188,1732127916.0879116,1732127916.0884688,1732127916.0915203
189,1732127916.0915926,1732127916.0921464,1732127916.0951931
190,1732127916.0952678,1732127916.0958254,1732127916.0988715
191,1732127916.098942,1732127916.0994937,1732127916.1025434
192,1732127916.102617,1732127916.1031756,1732127916.1062346
193,1732127916.1063092,1732127916.10687,1732127916.110575
194,1732127916.1106818,1732127916.1113257,1732127916.1144736
195,1732127916.1145587,1732127916.1151803,1732127916.1183016
196,1732127916.1183915,1732127916.119076,1732127916.1222265
197,1732127916.122314,1732127916.122966,1732127916.1260912
198,1732127916.1261775,1732127916.1268055,1732127916.1299205
199,1732127916.1299992,1732127916.1305878,1732127916.1336918
200,1732127916.133769,1732127916.1343532,1732127916.1374488
201,1732127916.1375227,1732127916.1381052,1732127916.1412015
202,1732127916.1412766,1732127916.1418555,1732127916.1449587
203,1732127916.1450312,1732127916.1456006,1732127916.1486635
204,1732127916.1487374,1732127916.1493194,1732127916.1523821
205,1732127916.1524575,1732127916.1530476,1732127916.1561105
206,1732127916.1561852,1732127916.1567483,1732127916.1598275
207,1732127916.1598992,1732127916.1604643,1732127916.1635463
208,1732127916.1636236,1732127916.164189,1732127916.1672728
209,1732127916.1673455,1732127916.1679075,1732127916.1709993
210,1732127916.1710753,1732127916.171644,1732127916.1747396
211,1732127916.1748195,1732127916.1753922,1732127916.1784847
212,1732127916.1785557,1732127916.1791193,1732127916.1822112
213,1732127916.182286,1732127916.1828525,1732127916.1859384
214,1732127916.1860058,1732127916.1865692,1732127916.1896336
215,1732127916.1897047,1732127916.1902697,1732127916.1933334
216,1732127916.1934059,1732127916.1939776,1732127916.1970346
217,1732127916.1971061,1732127916.1976707,1732127916.200695
218,1732127916.2007873,1732127916.201355,1732127916.2043903
219,1732127916.204463,1732127916.2050402,1732127916.2080662
220,1732127916.2081418,1732127916.2087004,1732127916.2117543
221,1732127916.2118244,1732127916.2123842,1732127916.2154362
222,1732127916.2155054,1732127916.2160656,1732127916.2191288
223,1732127916.2192016,1732127916.2197604,1732127916.2228713
224,1732127916.2229617,1732127916.2235696,1732127916.2266545
225,1732127916.2267284,1732127916.2273178,1732127916.2303672
226,1732127916.230438,1732127916.2310102,1732127916.2340722
227,1732127916.2341456,1732127916.234712,1732127916.2377756
228,1732127916.2378438,1732127916.2383966,1732127916.2414548
229,1732127916.2415242,1732127916.2420805,1732127916.2451358
230,1732127916.2452066,1732127916.2457604,1732127916.2488167
231,1732127916.2488904,1732127916.2494462,1732127916.25247
232,1732127916.252543,1732127916.2531214,1732127916.2561436
233,1732127916.2562156,1732127916.25679,1732127916.2598171
234,1732127916.2598872,1732127916.2604415,1732127916.2634957
235,1732127916.2635643,1732127916.2641244,1732127916.267178
236,1732127916.267248,1732127916.2678087,1732127916.2708592
237,1732127916.2709265,1732127916.2714849,1732127916.2745268
238,1732127916.274594,1732127916.275144,1732127916.2781987
239,1732127916.2782657,1732127916.278819,1732127916.2818651
240,1732127916.2819335,1732127916.2824893,1732127916.2855413
241,1732127916.2856145,1732127916.2861679,1732127916.2892098
242,1732127916.2892804,1732127916.289836,1732127916.2928853
243,1732127916.292955,1732127916.2935145,1732127916.2965395
244,1732127916.2966087,1732127916.2971911,1732127916.3002152
245,1732127916.30029,1732127916.300864,1732127916.303894
246,1732127916.3039637,1732127916.304524,1732127916.3075905
247,1732127916.3076658,1732127916.3082368,1732127916.3112895
248,1732127916.3113613,1732127916.3119302,1732127916.3149748
249,1732127916.3150413,1732127916.315609,1732127916.318662
250,1732127916.318731,1732127916.3192909,1732127916.3223505
251,1732127916.3224213,1732127916.3229809,1732127916.3260324
252,1732127916.3260987,1732127916.326662,1732127916.329728
253,1732127916.3297973,1732127916.3303607,1732127916.3334072
254,1732127916.3334723,1732127916.3340273,1732127916.337085
255,1732127916.3371537,1732127916.3377109,1732127916.3407335
256,1732127916.3408248,1732127916.3413897,1732127916.344417
257,1732127916.344493,1732127916.345078,1732127916.3481076
258,1732127916.348181,1732127916.3487425,1732127916.3518014
259,1732127916.3518715,1732127916.3524315,1732127916.3554852
260,1732127916.3555536,1732127916.3561068,1732127916.3591673
261,1732127916.359237,1732127916.3597875,1732127916.3628335
262,1732127916.362898,1732127916.363453,1732127916.3665006
263,1732127916.3665702,1732127916.3671255,1732127916.3701751
264,1732127916.3702395,1732127916.3707905,1732127916.3738425
265,1732127916.3739097,1732127916.3744674,1732127916.3775353
266,1732127916.3776057,1732127916.3781595,1732127916.3812118
267,1732127916.381282,1732127916.3818307,1732127916.3848753
268,1732127916.3851793,1732127916.3857598,1732127916.3888283
269,1732127916.388905,1732127916.389468,1732127916.3924968
270,1732127916.392568,1732127916.39314,1732127916.3961701
271,1732127916.396242,1732127916.3968182,1732127916.39985
272,1732127916.399916,1732127916.4004734,1732127916.4035294
273,1732127916.4035947,1732127916.4041467,1732127916.4072044
274,1732127916.4072747,1732127916.4078286,1732127916.410882
275,1732127916.4109452,1732127916.411502,1732127916.414548
276,1732127916.4146163,1732127916.4151657,1732127916.4182222
277,1732127916.4182947,1732127916.4188485,1732127916.4219108
278,1732127916.421978,1732127916.4225311,1732127916.4255915
279,1732127916.4256585,1732127916.4262145,1732127916.4292753
280,1732127916.4293437,1732127916.429897,1732127916.4329524
281,1732127916.433018,1732127916.433569,1732127916.4365923
282,1732127916.4366622,1732127916.4372404,1732127916.4402688
283,1732127916.440343,1732127916.4409175,1732127916.443938
284,1732127916.4440076,1732127916.4445648,1732127916.4476106
285,1732127916.4476788,1732127916.448229,1732127916.4512854
286,1732127916.4513543,1732127916.4519043,1732127916.4549613
287,1732127916.4550314,1732127916.4555848,1732127916.4586303
288,1732127916.4587,1732127916.4592483,1732127916.4622982
289,1732127916.462367,1732127916.4629188,1732127916.4659812
290,1732127916.4660501,1732127916.4665987,1732127916.4696646
291,1732127916.4697354,1732127916.470289,1732127916.4733467
292,1732127916.4734192,1732127916.4739792,1732127916.4770308
293,1732127916.477103,1732127916.4776554,1732127916.4806743
294,1732127916.4807465,1732127916.4813354,1732127916.4843674
295,1732127916.48444,1732127916.4850233,1732127916.4880438
296,1732127916.4881153,1732127916.4886575,1732127916.4917133
297,1732127916.4917822,1732127916.4923332,1732127916.4953935
298,1732127916.4954646,1732127916.4960208,1732127916.4990745
299,1732127916.499142,1732127916.4996974,1732127916.5027523
300,1732127916.5028212,1732127916.5033717,1732127916.5064304
301,1732127916.5065002,1732127916.507057,1732127916.510115
302,1732127916.510183,1732127916.5107346,1732127916.513779
303,1732127916.5138443,1732127916.514393,1732127916.517448
304,1732127916.5175157,1732127916.5180652,1732127916.521115
305,1732127916.5211828,1732127916.521743,1732127916.5247657
306,1732127916.524856,1732127916.5254147,1732127916.528434
307,1732127916.528508,1732127916.529086,1732127916.5321152
308,1732127916.532185,1732127916.53274,1732127916.5357876
309,1732127916.5358548,1732127916.5364032,1732127916.5394485
310,1732127916.5395162,1732127916.5400677,1732127916.5431156
311,1732127916.5431867,1732127916.5437415,1732127916.5467877
312,1732127916.5468535,1732127916.547407,1732127916.5504684
313,1732127916.5505395,1732127916.5510888,1732127916.5541482
314,1732127916.5542192,1732127916.5547717,1732127916.5578249
315,1732127916.5578911,1732127916.5584424,1732127916.5615058
316,1732127916.5615783,1732127916.5621307,1732127916.5651877
317,1732127916.5652592,1732127916.5658152,1732127916.5688634
318,1732127916.568932,1732127916.5694823,1732127916.5725121
319,1732127916.5725815,1732127916.5731516,1732127916.5761755
320,1732127916.5762434,1732127916.5768154,1732127916.5798419
321,1732127916.579909,1732127916.580458,1732127916.583515
322,1732127916.5835829,1732127916.5841398,1732127916.587185
323,1732127916.5872514,1732127916.5878005,1732127916.5908463
324,1732127916.5909147,1732127916.5914724,1732127916.594514
325,1732127916.5945797,1732127916.595135,1732127916.5981913
326,1732127916.5982614,1732127916.5988133,1732127916.6018684
327,1732127916.601937,1732127916.6024897,1732127916.6055586
328,1732127916.6056287,1732127916.6061792,1732127916.6092248
329,1732127916.609293,1732127916.6098435,1732127916.6128936
330,1732127916.61296,1732127916.613508,1732127916.6165252
331,1732127916.6165996,1732127916.6171763,1732127916.620211
332,1732127916.6202834,1732127916.620855,1732127916.6238897
333,1732127916.6239593,1732127916.624512,1732127916.627548
334,1732127916.627611,1732127916.6281605,1732127916.631202
335,1732127916.6312678,1732127916.6318166,1732127916.6348662
336,1732127916.6349354,1732127916.6354926,1732127916.638541
337,1732127916.6386065,1732127916.639158,1732127916.6422093
338,1732127916.6422756,1732127916.6428301,1732127916.6458797
339,1732127916.6459496,1732127916.6465008,1732127916.6495588
340,1732127916.6496296,1732127916.6501844,1732127916.6532362
341,1732127916.6533039,1732127916.6538572,1732127916.6569057
342,1732127916.6569736,1732127916.6575212,1732127916.660544
343,1732127916.6606152,1732127916.6611793,1732127916.664198
344,1732127916.6642709,1732127916.664844,1732127916.6678662
345,1732127916.667935,1732127916.6684792,1732127916.6715255
346,1732127916.671596,1732127916.6721437,1732127916.675201
347,1732127916.6752698,1732127916.6758192,1732127916.6788757
348,1732127916.678947,1732127916.6795042,1732127916.6825707
349,1732127916.6826406,1732127916.683189,1732127916.6862383
350,1732127916.686304,1732127916.6868505,1732127916.6899056
351,1732127916.6899743,1732127916.6905248,1732127916.693575
352,1732127916.6936414,1732127916.6941903,1732127916.6972415
353,1732127916.697312,1732127916.6978657,1732127916.700923
354,1732127916.7009916,1732127916.70155,1732127916.7045872
355,1732127916.704655,1732127916.7052279,1732127916.7082512
356,1732127916.7083151,1732127916.708882,1732127916.7119067
357,1732127916.7119699,1732127916.7125163,1732127916.715559
358,1732127916.7156255,1732127916.716176,1732127916.7192278
359,1732127916.7192934,1732127916.7198403,1732127916.722892
360,1732127916.7229567,1732127916.7235053,1732127916.7265491
361,1732127916.7266147,1732127916.7271655,1732127916.7302215
362,1732127916.7302911,1732127916.73085,1732127916.7339156
363,1732127916.7339873,1732127916.7345448,1732127916.7376082
364,1732127916.7376761,1732127916.7382264,1732127916.7412865
365,1732127916.7413516,1732127916.741905,1732127916.74496
366,1732127916.7450266,1732127916.745588,1732127916.748609
367,1732127916.7486794,1732127916.7492487,1732127916.7522688
368,1732127916.752338,1732127916.7529066,1732127916.7559292
369,1732127916.7559972,1732127916.756552,1732127916.7595973
370,1732127916.7596655,1732127916.7602146,1732127916.763262
371,1732127916.7633302,1732127916.7638836,1732127916.7669315
372,1732127916.7669995,1732127916.7675564,1732127916.7706065
373,1732127916.7706773,1732127916.77123,1732127916.7742782
374,1732127916.7743483,1732127916.7748992,1732127916.7779653
375,1732127916.7780366,1732127916.7785928,1732127916.7816446
376,1732127916.7817152,1732127916.7822654,1732127916.7853315
377,1732127916.7854016,1732127916.7859542,1732127916.789007
378,1732127916.7890763,1732127916.7896223,1732127916.7926514
379,1732127916.7927208,1732127916.793307,1732127916.796329
380,1732127916.7964005,1732127916.7969763,1732127916.7999992
381,1732127916.8000662,1732127916.8006144,1732127916.8036706
382,1732127916.8037372,1732127916.8042948,1732127916.8073428
383,1732127916.8074105,1732127916.8079655,1732127916.8110132
384,1732127916.8110814,1732127916.811638,1732127916.8146956
385,1732127916.8147645,1732127916.815322,1732127916.8183804
386,1732127916.8184502,1732127916.8190072,1732127916.822058
387,1732127916.8221262,1732127916.8226776,1732127916.8257685
388,1732127916.825841,1732127916.826397,1732127916.8294528
389,1732127916.8295202,1732127916.8300757,1732127916.8331318
390,1732127916.8332002,1732127916.8337529,1732127916.8368027
391,1732127916.8368673,1732127916.837414,1732127916.8404372
392,1732127916.840506,1732127916.8410735,1732127916.8441
393,1732127916.8441691,1732127916.8447216,1732127916.8477829
394,1732127916.8478522,1732127916.8484075,1732127916.8514678
395,1732127916.8515382,1732127916.8520994,1732127916.8551521
396,1732127916.855223,1732127916.8557894,1732127916.858839
397,1732127916.858912,1732127916.8594735,1732127916.8625216
398,1732127916.862589,1732127916.8631463,1732127916.8662012
399,1732127916.8662724,1732127916.8668303,1732127916.869879
400,1732127916.8699474,1732127916.8705077,1732127916.8735685
401,1732127916.8738,1732127916.8743646,1732127916.8774228
402,1732127916.8774972,1732127916.8780582,1732127916.881114
403,1732127916.8811858,1732127916.881741,1732127916.8847668
404,1732127916.8848536,1732127916.8854117,1732127916.8884366
405,1732127916.8885093,1732127916.8890827,1732127916.8921075
406,1732127916.8921773,1732127916.8927343,1732127916.8957815
407,1732127916.8958495,1732127916.8963995,1732127916.899447
408,1732127916.8995152,1732127916.9000702,1732127916.9031184
409,1732127916.9031875,1732127916.9037392,1732127916.9067862
410,1732127916.9068558,1732127916.907414,1732127916.9104548
411,1732127916.9105248,1732127916.911075,1732127916.914128
412,1732127916.914197,1732127916.9147515,1732127916.9177997
413,1732127916.9178674,1732127916.9184203,1732127916.9214716
414,1732127916.9215438,1732127916.9221015,1732127916.9251518
415,1732127916.925219,1732127916.92577,1732127916.9288154
416,1732127916.9288821,1732127916.9294322,1732127916.9324536
417,1732127916.9325247,1732127916.9331002,1732127916.9361236
418,1732127916.9361923,1732127916.9367423,1732127916.939793
419,1732127916.9398584,1732127916.9404073,1732127916.9434476
420,1732127916.9435122,1732127916.9440627,1732127916.9471052
421,1732127916.9471693,1732127916.9477155,1732127916.9507616
422,1732127916.9508286,1732127916.95138,1732127916.954426
423,1732127916.9544914,1732127916.9550412,1732127916.9580886
424,1732127916.9581556,1732127916.9587047,1732127916.9617496
425,1732127916.9618177,1732127916.9623656,1732127916.9654157
426,1732127916.9654822,1732127916.966034,1732127916.9690864
427,1732127916.969155,1732127916.9697075,1732127916.9727314
428,1732127916.9728212,1732127916.9733768,1732127916.9764066
429,1732127916.9764857,1732127916.9770823,1732127916.980115
430,1732127916.9801853,1732127916.9807422,1732127916.9838002
431,1732127916.9838688,1732127916.9844275,1732127916.9874835
432,1732127916.9875534,1732127916.9881103,1732127916.9911687
433,1732127916.9912398,1732127916.9917967,1732127916.9948432
434,1732127916.9949093,1732127916.995463,1732127916.998518
435,1732127916.9985871,1732127916.9991434,1732127917.0022001
436,1732127917.0022671,1732127917.0028195,1732127917.0058682
437,1732127917.0059319,1732127917.0064864,1732127917.0095332
438,1732127917.0096002,1732127917.0101602,1732127917.0132067
439,1732127917.0132713,1732127917.0138252,1732127917.0168743
440,1732127917.01694,1732127917.01749,1732127917.0205142
441,1732127917.0205898,1732127917.0211697,1732127917.0242014
442,1732127917.0242717,1732127917.0248468,1732127917.0278704
443,1732127917.0279388,1732127917.0284925,1732127917.0315485
444,1732127917.0316172,1732127917.032174,1732127917.035221
445,1732127917.0352914,1732127917.0358462,1732127917.0389063
446,1732127917.0389786,1732127917.0395336,1732127917.0425887
447,1732127917.0426598,1732127917.043215,1732127917.0462706
448,1732127917.046345,1732127917.0468965,1732127917.049948
449,1732127917.050014,1732127917.0505672,1732127917.053624
450,1732127917.0536945,1732127917.0542438,1732127917.0572991
451,1732127917.0573685,1732127917.057923,1732127917.0609722
452,1732127917.06104,1732127917.0615919,1732127917.0646176
453,1732127917.0646913,1732127917.0652597,1732127917.0682874
454,1732127917.0683563,1732127917.0689216,1732127917.0719478
455,1732127917.0720146,1732127917.0725644,1732127917.075616
456,1732127917.075686,1732127917.076236,1732127917.0792851
457,1732127917.0793538,1732127917.0799057,1732127917.0829546
458,1732127917.0830219,1732127917.0835752,1732127917.0866284
459,1732127917.0866961,1732127917.0872514,1732127917.0902998
460,1732127917.0903642,1732127917.0909145,1732127917.0939565
461,1732127917.0940213,1732127917.094574,1732127917.0976222
462,1732127917.0976899,1732127917.0982394,1732127917.101301
463,1732127917.1013649,1732127917.101915,1732127917.1049662
464,1732127917.1050282,1732127917.1055784,1732127917.1086023
465,1732127917.1086712,1732127917.1092362,1732127917.1122658
466,1732127917.112336,1732127917.1129074,1732127917.115931
467,1732127917.1159978,1732127917.1165564,1732127917.1196067
468,1732127917.1196747,1732127917.1202316,1732127917.1232839
469,1732127917.1233485,1732127917.1239047,1732127917.1269479
470,1732127917.1270149,1732127917.1275704,1732127917.1306226
471,1732127917.1306934,1732127917.1312454,1732127917.1342983
472,1732127917.1343694,1732127917.1349216,1732127917.1379774
473,1732127917.1380503,1732127917.1386092,1732127917.1416657
474,1732127917.1417344,1732127917.1422853,1732127917.1453311
475,1732127917.1453986,1732127917.145951,1732127917.1489952
476,1732127917.1490612,1732127917.1496096,1732127917.1526284
477,1732127917.1527033,1732127917.1532695,1732127917.1563008
478,1732127917.1563754,1732127917.1569433,1732127917.1599722
479,1732127917.160042,1732127917.160594,1732127917.163642
480,1732127917.163713,1732127917.1642654,1732127917.1673164
481,1732127917.1673813,1732127917.1679337,1732127917.1709797
482,1732127917.1710494,1732127917.1715991,1732127917.1746497
483,1732127917.1747186,1732127917.1752698,1732127917.178318
484,1732127917.178384,1732127917.1789317,1732127917.1819775
485,1732127917.182045,1732127917.1825988,1732127917.1856537
486,1732127917.1857212,1732127917.1862748,1732127917.1893322
487,1732127917.189402,1732127917.1899555,1732127917.1930134
488,1732127917.1930845,1732127917.1936417,1732127917.19667
489,1732127917.1967423,1732127917.1973195,1732127917.2003431
490,1732127917.2004158,1732127917.2009945,1732127917.204017
491,1732127917.204091,1732127917.204636,1732127917.2076874
492,1732127917.2077575,1732127917.2083054,1732127917.2113569
493,1732127917.2114284,1732127917.2119772,1732127917.215037
494,1732127917.2151084,1732127917.215667,1732127917.2187355
495,1732127917.218807,1732127917.2193618,1732127917.222429
496,1732127917.2224977,1732127917.223054,1732127917.226121
497,1732127917.2261937,1732127917.2267501,1732127917.2298107
498,1732127917.2298818,1732127917.2304392,1732127917.2334986
499,1732127917.2335677,1732127917.2341197,1732127917.2371852
500,1732127917.2372587,1732127917.237828,1732127917.2408924
501,1732127917.240966,1732127917.241547,1732127917.244578
502,1732127917.2446506,1732127917.2452445,1732127917.2482738
503,1732127917.2483425,1732127917.2489228,1732127917.251943
504,1732127917.2520103,1732127917.2525754,1732127917.255628
505,1732127917.255693,1732127917.2562551,1732127917.2592986
506,1732127917.2593644,1732127917.2599223,1732127917.2629678
507,1732127917.2630298,1732127917.2635832,1732127917.2666266
508,1732127917.2666905,1732127917.2672462,1732127917.2702966
509,1732127917.270367,1732127917.2709248,1732127917.2739725
510,1732127917.274037,1732127917.2745888,1732127917.277637
511,1732127917.277702,1732127917.2782564,1732127917.281309
512,1732127917.2813764,1732127917.2819338,1732127917.284977
513,1732127917.2850459,1732127917.2855992,1732127917.288629
514,1732127917.2886987,1732127917.289265,1732127917.292293
515,1732127917.2923615,1732127917.2929358,1732127917.295955
516,1732127917.296024,1732127917.2965705,1732127917.2996135
517,1732127917.2996821,1732127917.3002398,1732127917.3032932
518,1732127917.303367,1732127917.303921,1732127917.306974
519,1732127917.3070433,1732127917.3076012,1732127917.3106625
520,1732127917.3107338,1732127917.3112934,1732127917.314336
521,1732127917.314403,1732127917.3149562,1732127917.3180075
522,1732127917.3180733,1732127917.3186252,1732127917.3216808
523,1732127917.321748,1732127917.3223064,1732127917.3253632
524,1732127917.3254309,1732127917.325985,1732127917.3290367
525,1732127917.329105,1732127917.3296568,1732127917.3326843
526,1732127917.3327565,1732127917.3333285,1732127917.3363528
527,1732127917.3364234,1732127917.336997,1732127917.3400202
528,1732127917.340089,1732127917.3406377,1732127917.3436785
529,1732127917.3437436,1732127917.3442965,1732127917.3473337
530,1732127917.3473964,1732127917.3479493,1732127917.3510041
531,1732127917.351068,1732127917.3516216,1732127917.3546722
532,1732127917.3547359,1732127917.3552883,1732127917.3583424
533,1732127917.3584077,1732127917.3589559,1732127917.3620114
534,1732127917.3622382,1732127917.3628104,1732127917.365882
535,1732127917.3659568,1732127917.3665202,1732127917.3695793
536,1732127917.3696456,1732127917.3702006,1732127917.3732607
537,1732127917.3733284,1732127917.373887,1732127917.3769386
538,1732127917.3770032,1732127917.37755,1732127917.3805726
539,1732127917.3806405,1732127917.381214,1732127917.38424
540,1732127917.3843079,1732127917.3848746,1732127917.3879054
541,1732127917.38797,1732127917.3885202,1732127917.3915687
542,1732127917.3916323,1732127917.3921793,1732127917.395227
543,1732127917.3952963,1732127917.395845,1732127917.398894
544,1732127917.3989592,1732127917.3995087,1732127917.4025578
545,1732127917.4026191,1732127917.4031672,1732127917.406235
546,1732127917.4063025,1732127917.4068553,1732127917.4099052
547,1732127917.4099693,1732127917.4105208,1732127917.4135876
548,1732127917.4136565,1732127917.4142215,1732127917.4172852
549,1732127917.4173532,1732127917.4179099,1732127917.4209604
550,1732127917.421033,1732127917.4215932,1732127917.4246178
551,1732127917.4246879,1732127917.4252634,1732127917.4282928
552,1732127917.4283643,1732127917.428934,1732127917.4319546
553,1732127917.4320233,1732127917.4325674,1732127917.4356167
554,1732127917.4356833,1732127917.4362369,1732127917.4392905
555,1732127917.4393563,1732127917.4399157,1732127917.4429784
556,1732127917.443053,1732127917.4436073,1732127917.4466667
557,1732127917.4467394,1732127917.447297,1732127917.4503632
558,1732127917.4504333,1732127917.4509933,1732127917.454042
559,1732127917.4541106,1732127917.4546707,1732127917.4577274
560,1732127917.4577966,1732127917.4583485,1732127917.4614015
561,1732127917.46147,1732127917.4620278,1732127917.465083
562,1732127917.4651525,1732127917.4657078,1732127917.4687412
563,1732127917.4688342,1732127917.4693906,1732127917.472427
564,1732127917.4724977,1732127917.473082,1732127917.4761124
565,1732127917.4761858,1732127917.4767365,1732127917.4797904
566,1732127917.4798617,1732127917.4804077,1732127917.4834623
567,1732127917.483532,1732127917.4840794,1732127917.487142
568,1732127917.4872158,1732127917.487772,1732127917.4908319
569,1732127917.4909005,1732127917.4914503,1732127917.494515
570,1732127917.4945874,1732127917.495141,1732127917.4981954
571,1732127917.4982696,1732127917.4988291,1732127917.5018816
572,1732127917.50195,1732127917.502496,1732127917.5055485
573,1732127917.505618,1732127917.5061665,1732127917.5092216
574,1732127917.509294,1732127917.5098412,1732127917.5128944
575,1732127917.5129626,1732127917.5135148,1732127917.516536
576,1732127917.5166056,1732127917.5171914,1732127917.5202205
577,1732127917.5202944,1732127917.5208733,1732127917.523898
578,1732127917.5239692,1732127917.5245159,1732127917.5275674
579,1732127917.527638,1732127917.5281925,1732127917.5312521
580,1732127917.5313234,1732127917.531871,1732127917.5349238
581,1732127917.5349946,1732127917.5355456,1732127917.5386016
582,1732127917.538671,1732127917.5392232,1732127917.5422835
583,1732127917.5423527,1732127917.542901,1732127917.5459626
584,1732127917.5460322,1732127917.5465827,1732127917.54964
585,1732127917.5497084,1732127917.5502625,1732127917.5533202
586,1732127917.5533924,1732127917.553947,1732127917.5570016
587,1732127917.5570729,1732127917.5576217,1732127917.560646
588,1732127917.5607197,1732127917.561299,1732127917.5643308
589,1732127917.5644011,1732127917.5649705,1732127917.568001
590,1732127917.5680676,1732127917.5686164,1732127917.5716655
591,1732127917.5717328,1732127917.5722835,1732127917.5753376
592,1732127917.5754032,1732127917.5759559,1732127917.579009
593,1732127917.5790746,1732127917.5796263,1732127917.5826786
594,1732127917.5827458,1732127917.5832994,1732127917.586343
595,1732127917.5864081,1732127917.586959,1732127917.5900178
596,1732127917.590086,1732127917.590642,1732127917.593702
597,1732127917.5937703,1732127917.5943215,1732127917.5973737
598,1732127917.5974445,1732127917.5979989,1732127917.601046
599,1732127917.6011155,1732127917.6016657,1732127917.6046934
600,1732127917.604762,1732127917.6053307,1732127917.6083636
601,1732127917.6084332,1732127917.60901,1732127917.6120353
602,1732127917.612107,1732127917.6126528,1732127917.6157026
603,1732127917.6157727,1732127917.6163213,1732127917.6193776
604,1732127917.619446,1732127917.6200016,1732127917.6230552
605,1732127917.623122,1732127917.6236784,1732127917.6267216
606,1732127917.6267908,1732127917.627345,1732127917.6303954
607,1732127917.630464,1732127917.631014,1732127917.6340656
608,1732127917.6341364,1732127917.6346867,1732127917.6377337
609,1732127917.637799,1732127917.6383524,1732127917.6414087
610,1732127917.6414816,1732127917.6420386,1732127917.6450844
611,1732127917.645156,1732127917.6457052,1732127917.648728
612,1732127917.6488147,1732127917.6493614,1732127917.6523833
613,1732127917.6524534,1732127917.6530247,1732127917.6560528
614,1732127917.6561246,1732127917.656673,1732127917.6597152
615,1732127917.6597815,1732127917.6603334,1732127917.6633837
616,1732127917.6634486,1732127917.663998,1732127917.6670494
617,1732127917.6671185,1732127917.667671,1732127917.6707158
618,1732127917.670783,1732127917.6713264,1732127917.6743739
619,1732127917.6744387,1732127917.6749883,1732127917.6780353
620,1732127917.678108,1732127917.678655,1732127917.6817126
621,1732127917.681784,1732127917.68234,1732127917.6854002
622,1732127917.6854706,1732127917.6860187,1732127917.6890864
623,1732127917.6891596,1732127917.6897116,1732127917.6927376
624,1732127917.6928284,1732127917.6933808,1732127917.6963992
625,1732127917.696468,1732127917.697048,1732127917.7000687
626,1732127917.7001407,1732127917.7006924,1732127917.7037373
627,1732127917.7038043,1732127917.7043555,1732127917.7074049
628,1732127917.707472,1732127917.7080257,1732127917.711078
629,1732127917.71115,1732127917.7116969,1732127917.7147577
630,1732127917.71483,1732127917.715383,1732127917.7184417
631,1732127917.7185109,1732127917.71906,1732127917.7221296
632,1732127917.7222002,1732127917.7227573,1732127917.7258117
633,1732127917.725881,1732127917.7264426,1732127917.729489
634,1732127917.7295532,1732127917.7301056,1732127917.7331529
635,1732127917.733217,1732127917.733772,1732127917.7368143
636,1732127917.7368813,1732127917.737434,1732127917.7404573
637,1732127917.7405312,1732127917.7411075,1732127917.7441273
638,1732127917.7441936,1732127917.7447467,1732127917.7477884
639,1732127917.7478561,1732127917.7484074,1732127917.751448
640,1732127917.7515128,1732127917.7520669,1732127917.7551184
641,1732127917.7551868,1732127917.7557411,1732127917.7587984
642,1732127917.7588632,1732127917.759417,1732127917.7624607
643,1732127917.7625282,1732127917.7630827,1732127917.7661262
644,1732127917.7661927,1732127917.7667425,1732127917.769802
645,1732127917.769872,1732127917.7704265,1732127917.773477
646,1732127917.7735438,1732127917.7740915,1732127917.7771368
647,1732127917.7772062,1732127917.777754,1732127917.780791
648,1732127917.7808585,1732127917.7814062,1732127917.7844286
649,1732127917.7844987,1732127917.7850678,1732127917.7881007
650,1732127917.7881684,1732127917.7887213,1732127917.7917647
651,1732127917.7918315,1732127917.7923768,1732127917.7954283
652,1732127917.7954967,1732127917.796044,1732127917.7990904
653,1732127917.799158,1732127917.7997088,1732127917.8027663
654,1732127917.802834,1732127917.8033848,1732127917.8064406
655,1732127917.806508,1732127917.8070576,1732127917.8101056
656,1732127917.810173,1732127917.8107207,1732127917.8137634
657,1732127917.8138323,1732127917.8143833,1732127917.8174615
658,1732127917.8175313,1732127917.8180854,1732127917.8211303
659,1732127917.8211956,1732127917.8217485,1732127917.8247688
660,1732127917.8248632,1732127917.8254204,1732127917.8284428
661,1732127917.8285115,1732127917.8290813,1732127917.832103
662,1732127917.832175,1732127917.8327239,1732127917.8357737
663,1732127917.8358426,1732127917.836394,1732127917.83945
664,1732127917.839522,1732127917.8400807,1732127917.8431218
665,1732127917.8431876,1732127917.8437335,1732127917.8467858
666,1732127917.8468523,1732127917.8474011,1732127917.8504488
667,1732127917.8506603,1732127917.8512297,1732127917.8542871
668,1732127917.854358,1732127917.8549256,1732127917.8579848
669,1732127917.858052,1732127917.8586178,1732127917.8616724
670,1732127917.8617382,1732127917.8623,1732127917.8653576
671,1732127917.865426,1732127917.8659875,1732127917.8690383
672,1732127917.8691032,1732127917.869662,1732127917.872692
673,1732127917.8727612,1732127917.8733366,1732127917.8763657
674,1732127917.8764334,1732127917.8770053,1732127917.8800285
675,1732127917.8800955,1732127917.8806477,1732127917.8836918
676,1732127917.8837607,1732127917.8843174,1732127917.8873677
677,1732127917.8874335,1732127917.887996,1732127917.8910444
678,1732127917.891112,1732127917.8916638,1732127917.8947184
679,1732127917.8947842,1732127917.8953352,1732127917.898384
680,1732127917.898453,1732127917.8990042,1732127917.902055
681,1732127917.9021199,1732127917.902672,1732127917.905726
682,1732127917.9057934,1732127917.9063413,1732127917.9094005
683,1732127917.909466,1732127917.9100206,1732127917.91307
684,1732127917.9131374,1732127917.9136877,1732127917.916714
685,1732127917.916804,1732127917.9173646,1732127917.9203892
686,1732127917.9204643,1732127917.9210422,1732127917.9240746
687,1732127917.924146,1732127917.9247074,1732127917.9277503
688,1732127917.9278157,1732127917.9283686,1732127917.9314215
689,1732127917.9314914,1732127917.932051,1732127917.9350934
690,1732127917.9351614,1732127917.9357173,1732127917.9387705
691,1732127917.9388385,1732127917.9393933,1732127917.9424417
692,1732127917.9425094,1732127917.9430614,1732127917.9461148
693,1732127917.9461818,1732127917.9467392,1732127917.9497797
694,1732127917.9498425,1732127917.9503906,1732127917.9534435
695,1732127917.9535081,1732127917.954065,1732127917.957125
696,1732127917.9571912,1732127917.9577434,1732127917.9607651
697,1732127917.960848,1732127917.9614031,1732127917.9644294
698,1732127917.9645002,1732127917.9650762,1732127917.9681056
699,1732127917.9681768,1732127917.9687288,1732127917.9717767
700,1732127917.971843,1732127917.9723926,1732127917.97545
701,1732127917.975517,1732127917.9760692,1732127917.979122
702,1732127917.9791908,1732127917.9797478,1732127917.982792
703,1732127917.9828575,1732127917.9834163,1732127917.9864573
704,1732127917.9865222,1732127917.9870768,1732127917.9901228
705,1732127917.9901884,1732127917.9907413,1732127917.993795
706,1732127917.9938624,1732127917.9944165,1732127917.9974685
707,1732127917.9975348,1732127917.9980893,1732127918.0011322
708,1732127918.0011966,1732127918.001746,1732127918.0047674
709,1732127918.0048602,1732127918.0054154,1732127918.0084374
710,1732127918.0085065,1732127918.009081,1732127918.0120993
711,1732127918.0121653,1732127918.012716,1732127918.015752
712,1732127918.0158184,1732127918.016362,1732127918.0194051
713,1732127918.01947,1732127918.0200174,1732127918.0230618
714,1732127918.0231273,1732127918.023683,1732127918.0267298
715,1732127918.0267944,1732127918.027352,1732127918.0303948
716,1732127918.0304575,1732127918.0310125,1732127918.0340526
717,1732127918.0341191,1732127918.0346692,1732127918.037714
718,1732127918.0377839,1732127918.03834,1732127918.0413926
719,1732127918.041461,1732127918.0420108,1732127918.045062
720,1732127918.0451276,1732127918.0456831,1732127918.048703
721,1732127918.0487697,1732127918.0493383,1732127918.052354
722,1732127918.0524266,1732127918.053001,1732127918.0560236
723,1732127918.0560923,1732127918.0566435,1732127918.0596921
724,1732127918.0597608,1732127918.060311,1732127918.0633557
725,1732127918.0634205,1732127918.0639706,1732127918.0670185
726,1732127918.0670888,1732127918.0676405,1732127918.070681
727,1732127918.0707467,1732127918.0712943,1732127918.0743437
728,1732127918.0744088,1732127918.074964,1732127918.0780091
729,1732127918.0780725,1732127918.0786233,1732127918.0816672
730,1732127918.0817292,1732127918.082275,1732127918.0853248
731,1732127918.0853941,1732127918.0859437,1732127918.088995
732,1732127918.0890625,1732127918.089621,1732127918.0926452
733,1732127918.092714,1732127918.0932903,1732127918.0963202
734,1732127918.0963905,1732127918.0969577,1732127918.0999851
735,1732127918.1000497,1732127918.1006052,1732127918.1036565
736,1732127918.1037261,1732127918.1042795,1732127918.1073337
737,1732127918.107398,1732127918.107954,1732127918.1109996
738,1732127918.1110685,1732127918.1116207,1732127918.1146693
739,1732127918.1147392,1732127918.1153,1732127918.1183524
740,1732127918.118418,1732127918.118971,1732127918.1220286
741,1732127918.1220992,1732127918.1226597,1732127918.125707
742,1732127918.125771,1732127918.126324,1732127918.1293807
743,1732127918.12945,1732127918.1300035,1732127918.133057
744,1732127918.1331189,1732127918.133672,1732127918.1366932
745,1732127918.1367605,1732127918.137331,1732127918.1403542
746,1732127918.1404212,1732127918.1409938,1732127918.144022
747,1732127918.1440878,1732127918.1446333,1732127918.1476848
748,1732127918.1477525,1732127918.148306,1732127918.151347
749,1732127918.151411,1732127918.151955,1732127918.1550038
750,1732127918.1550703,1732127918.1556196,1732127918.1586702
751,1732127918.158735,1732127918.159287,1732127918.1623373
752,1732127918.1624024,1732127918.1629508,1732127918.1660008
753,1732127918.1660695,1732127918.1666226,1732127918.1696742
754,1732127918.1697383,1732127918.1702943,1732127918.1733499
755,1732127918.1734152,1732127918.1739733,1732127918.1770196
756,1732127918.1770873,1732127918.1776404,1732127918.180659
757,1732127918.180728,1732127918.1813128,1732127918.184334
758,1732127918.1844049,1732127918.1849847,1732127918.1880076
759,1732127918.1880744,1732127918.1886327,1732127918.1916788
760,1732127918.1917458,1732127918.1923018,1732127918.1953456
761,1732127918.1954112,1732127918.1959674,1732127918.1990175
762,1732127918.1990867,1732127918.1996381,1732127918.202688
763,1732127918.2027586,1732127918.2033153,1732127918.2063577
764,1732127918.2064238,1732127918.2069774,1732127918.2100194
765,1732127918.2100847,1732127918.2106335,1732127918.21369
766,1732127918.2137582,1732127918.2143128,1732127918.2173657
767,1732127918.2174327,1732127918.2179844,1732127918.2210236
768,1732127918.2210882,1732127918.221645,1732127918.2246745
769,1732127918.224745,1732127918.2253194,1732127918.2283487
770,1732127918.228415,1732127918.2289813,1732127918.2320101
771,1732127918.2320771,1732127918.2326314,1732127918.2356691
772,1732127918.2357364,1732127918.2362928,1732127918.2393377
773,1732127918.2394054,1732127918.2399611,1732127918.2430005
774,1732127918.2430723,1732127918.2436225,1732127918.2466748
775,1732127918.246748,1732127918.2473085,1732127918.250359
776,1732127918.2504282,1732127918.2509797,1732127918.254031
777,1732127918.254098,1732127918.2546504,1732127918.2576983
778,1732127918.2577655,1732127918.2583163,1732127918.2613723
779,1732127918.2614398,1732127918.2619946,1732127918.2650385
780,1732127918.2651052,1732127918.2656584,1732127918.2686763
781,1732127918.2687426,1732127918.269312,1732127918.2723298
782,1732127918.2723942,1732127918.2729619,1732127918.2759755
783,1732127918.276043,1732127918.27659,1732127918.2796428
784,1732127918.2797122,1732127918.280266,1732127918.2833116
785,1732127918.2833774,1732127918.283932,1732127918.2869697
786,1732127918.2870336,1732127918.2875888,1732127918.2906427
787,1732127918.2907126,1732127918.2912679,1732127918.2943149
788,1732127918.2943833,1732127918.2949357,1732127918.297974
789,1732127918.2980378,1732127918.2985878,1732127918.3016353
790,1732127918.3017023,1732127918.3022547,1732127918.3052936
791,1732127918.3053586,1732127918.305912,1732127918.3089495
792,1732127918.3090138,1732127918.3095627,1732127918.3125768
793,1732127918.3126428,1732127918.3132193,1732127918.3162405
794,1732127918.3163075,1732127918.3168755,1732127918.319894
795,1732127918.3199618,1732127918.3205147,1732127918.3235548
796,1732127918.3236225,1732127918.3241699,1732127918.327209
797,1732127918.327273,1732127918.3278263,1732127918.3308606
798,1732127918.3309288,1732127918.3314853,1732127918.334525
799,1732127918.33459,1732127918.3351407,1732127918.3381877
800,1732127918.338411,1732127918.3389733,1732127918.342035
801,1732127918.3421073,1732127918.3426697,1732127918.345719
802,1732127918.345787,1732127918.3463423,1732127918.34939
803,1732127918.3494575,1732127918.3500073,1732127918.353054
804,1732127918.3531184,1732127918.3536737,1732127918.3566954
805,1732127918.3567624,1732127918.3573287,1732127918.36035
806,1732127918.3604171,1732127918.3609893,1732127918.3640103
807,1732127918.3640795,1732127918.364625,1732127918.3676798
808,1732127918.3677502,1732127918.3683066,1732127918.3713498
809,1732127918.3714187,1732127918.371973,1732127918.375023
810,1732127918.3750894,1732127918.375639,1732127918.3786862
811,1732127918.3787498,1732127918.3793025,1732127918.382349
812,1732127918.3824136,1732127918.382964,1732127918.386019
813,1732127918.3860853,1732127918.3866417,1732127918.3896933
814,1732127918.3897595,1732127918.390306,1732127918.3933508
815,1732127918.3934147,1732127918.3939724,1732127918.3970282
816,1732127918.3970976,1732127918.397657,1732127918.4006805
817,1732127918.400748,1732127918.4013207,1732127918.404337
818,1732127918.404407,1732127918.4049735,1732127918.4080014
819,1732127918.4080696,1732127918.408617,1732127918.4116569
820,1732127918.411719,1732127918.4122667,1732127918.4153185
821,1732127918.4153879,1732127918.4159398,1732127918.4189875
822,1732127918.419057,1732127918.419611,1732127918.4226685
823,1732127918.4227357,1732127918.4232883,1732127918.426345
824,1732127918.4264162,1732127918.426974,1732127918.4300284
825,1732127918.430097,1732127918.43065,1732127918.4337053
826,1732127918.433773,1732127918.4343235,1732127918.4373713
827,1732127918.4374402,1732127918.4379888,1732127918.4410377
828,1732127918.441104,1732127918.441659,1732127918.4446793
829,1732127918.4447455,1732127918.4453187,1732127918.4483395
830,1732127918.448407,1732127918.448973,1732127918.4519992
831,1732127918.4520683,1732127918.452622,1732127918.4556646
832,1732127918.4557343,1732127918.4562864,1732127918.459331
833,1732127918.459399,1732127918.4599535,1732127918.4629962
834,1732127918.463061,1732127918.4636078,1732127918.4666548
835,1732127918.4667187,1732127918.4672713,1732127918.470312
836,1732127918.4703767,1732127918.4709322,1732127918.4739811
837,1732127918.474044,1732127918.4745977,1732127918.4776485
838,1732127918.4777174,1732127918.478271,1732127918.481314
839,1732127918.481378,1732127918.4819293,1732127918.4849675
840,1732127918.4850326,1732127918.4855828,1732127918.4886103
841,1732127918.4886765,1732127918.489247,1732127918.492277
842,1732127918.4923477,1732127918.492918,1732127918.4959419
843,1732127918.496009,1732127918.4965584,1732127918.4996083
844,1732127918.499674,1732127918.500232,1732127918.5032895
845,1732127918.5033581,1732127918.5039115,1732127918.5069752
846,1732127918.507042,1732127918.5076,1732127918.5106494
847,1732127918.5107133,1732127918.5112634,1732127918.5143144
848,1732127918.514379,1732127918.5149367,1732127918.5180042
849,1732127918.5180714,1732127918.5186348,1732127918.5216951
850,1732127918.5217671,1732127918.5223248,1732127918.5253832
851,1732127918.52545,1732127918.5260048,1732127918.5290532
852,1732127918.5291226,1732127918.529675,1732127918.532696
853,1732127918.5327628,1732127918.5333238,1732127918.536342
854,1732127918.5364108,1732127918.5369766,1732127918.5400069
855,1732127918.540077,1732127918.5406232,1732127918.5436685
856,1732127918.5437326,1732127918.5442805,1732127918.5473359
857,1732127918.5474057,1732127918.5479586,1732127918.5510035
858,1732127918.551072,1732127918.5516257,1732127918.5546727
859,1732127918.5547438,1732127918.5552955,1732127918.5583408
860,1732127918.5584059,1732127918.558951,1732127918.5620081
861,1732127918.5620759,1732127918.5626292,1732127918.5656826
862,1732127918.5657473,1732127918.5662966,1732127918.5693495
863,1732127918.5694172,1732127918.5699663,1732127918.5730236
864,1732127918.5730908,1732127918.573642,1732127918.5766687
865,1732127918.5767412,1732127918.5773244,1732127918.5803533
866,1732127918.5804262,1732127918.5809975,1732127918.5840282
867,1732127918.584095,1732127918.58465,1732127918.5876987
868,1732127918.5877674,1732127918.5883183,1732127918.591382
869,1732127918.591452,1732127918.5920076,1732127918.5950668
870,1732127918.5951357,1732127918.5956964,1732127918.5987537
871,1732127918.5988183,1732127918.5993717,1732127918.602423
872,1732127918.6024861,1732127918.6030395,1732127918.606089
873,1732127918.6061566,1732127918.6067083,1732127918.609762
874,1732127918.6098294,1732127918.6103818,1732127918.6134424
875,1732127918.6135101,1732127918.6140645,1732127918.617112
876,1732127918.617178,1732127918.6177368,1732127918.6207597
877,1732127918.620851,1732127918.6214123,1732127918.6244392
878,1732127918.624519,1732127918.625097,1732127918.6281216
879,1732127918.628192,1732127918.6287434,1732127918.6317897
880,1732127918.6318548,1732127918.6324034,1732127918.6354508
881,1732127918.635517,1732127918.6360657,1732127918.639126
882,1732127918.6391952,1732127918.639745,1732127918.6427937
883,1732127918.6428587,1732127918.6434078,1732127918.6464636
884,1732127918.646531,1732127918.6470866,1732127918.6501284
885,1732127918.6501942,1732127918.6507466,1732127918.6538
886,1732127918.65387,1732127918.6544273,1732127918.6574864
887,1732127918.6575537,1732127918.6581054,1732127918.6611621
888,1732127918.6612272,1732127918.6617773,1732127918.6648238
889,1732127918.664888,1732127918.6654422,1732127918.6684713
890,1732127918.6685445,1732127918.66913,1732127918.6721635
891,1732127918.6722338,1732127918.67281,1732127918.6758392
892,1732127918.6759079,1732127918.676465,1732127918.6795182
893,1732127918.6795866,1732127918.680148,1732127918.6832054
894,1732127918.683273,1732127918.6838305,1732127918.686887
895,1732127918.6869576,1732127918.6875198,1732127918.6905715
896,1732127918.690638,1732127918.6911922,1732127918.6942399
897,1732127918.694308,1732127918.694863,1732127918.697918
898,1732127918.697987,1732127918.6985414,1732127918.7015834
899,1732127918.7016482,1732127918.7022026,1732127918.7052612
900,1732127918.7053301,1732127918.7058861,1732127918.7089367
901,1732127918.7090015,1732127918.7095547,1732127918.712579
902,1732127918.712645,1732127918.71322,1732127918.7162488
903,1732127918.7163184,1732127918.7168972,1732127918.7199214
904,1732127918.719989,1732127918.7205365,1732127918.7235863
905,1732127918.7236533,1732127918.7242079,1732127918.7272701
906,1732127918.7273383,1732127918.727899,1732127918.7309554
907,1732127918.7310243,1732127918.7315779,1732127918.7346392
908,1732127918.7347097,1732127918.7352695,1732127918.738323
909,1732127918.7383878,1732127918.738944,1732127918.742
910,1732127918.7420664,1732127918.7426233,1732127918.7456846
911,1732127918.74576,1732127918.7463193,1732127918.7493804
912,1732127918.7494483,1732127918.7500095,1732127918.7530587
913,1732127918.7531269,1732127918.7536829,1732127918.7567115
914,1732127918.7567935,1732127918.757348,1732127918.7603781
915,1732127918.7604537,1732127918.761031,1732127918.7640593
916,1732127918.764127,1732127918.7646756,1732127918.7677226
917,1732127918.7677915,1732127918.7683485,1732127918.7713954
918,1732127918.7714598,1732127918.772013,1732127918.7750564
919,1732127918.7751186,1732127918.7756753,1732127918.7787209
920,1732127918.7787867,1732127918.7793345,1732127918.78239
921,1732127918.7824564,1732127918.7830114,1732127918.786071
922,1732127918.786137,1732127918.7866833,1732127918.7897305
923,1732127918.7897928,1732127918.790347,1732127918.7934005
924,1732127918.7934659,1732127918.7940118,1732127918.7970603
925,1732127918.7971227,1732127918.7976713,1732127918.800691
926,1732127918.800757,1732127918.8013227,1732127918.8043444
927,1732127918.8044107,1732127918.8049772,1732127918.8079953
928,1732127918.8080616,1732127918.8086114,1732127918.8116891
929,1732127918.8117554,1732127918.8123097,1732127918.8153634
930,1732127918.8154297,1732127918.8159785,1732127918.8190327
931,1732127918.8190994,1732127918.819653,1732127918.8227024
932,1732127918.8227692,1732127918.8233235,1732127918.8263764
933,1732127918.826449,1732127918.8270009,1732127918.8300521
934,1732127918.8302803,1732127918.8308449,1732127918.8339067
935,1732127918.8339827,1732127918.8345354,1732127918.8376071
936,1732127918.83768,1732127918.838234,1732127918.8412886
937,1732127918.84136,1732127918.8419213,1732127918.8449748
938,1732127918.8450465,1732127918.8455956,1732127918.848622
939,1732127918.8486948,1732127918.8492677,1732127918.8523035
940,1732127918.8523781,1732127918.852958,1732127918.8559897
941,1732127918.8560593,1732127918.8566241,1732127918.8596742
942,1732127918.859741,1732127918.8603024,1732127918.8633473
943,1732127918.8634145,1732127918.863965,1732127918.867017
944,1732127918.8670866,1732127918.8676374,1732127918.870692
945,1732127918.870755,1732127918.8713057,1732127918.8743494
946,1732127918.8744152,1732127918.874969,1732127918.8780093
947,1732127918.8780775,1732127918.8786244,1732127918.881675
948,1732127918.8817396,1732127918.8822868,1732127918.8853369
949,1732127918.8854043,1732127918.8859541,1732127918.8889937
950,1732127918.889058,1732127918.8896122,1732127918.8926291
951,1732127918.8926992,1732127918.8932776,1732127918.8962998
952,1732127918.8963697,1732127918.8969486,1732127918.8999689
953,1732127918.9000359,1732127918.9005885,1732127918.9036424
954,1732127918.9037147,1732127918.9042673,1732127918.9073145
955,1732127918.9073799,1732127918.9079375,1732127918.9109852
956,1732127918.9110527,1732127918.911607,1732127918.914658
957,1732127918.9147286,1732127918.9152834,1732127918.9183419
958,1732127918.9184132,1732127918.9189663,1732127918.9220123
959,1732127918.9220774,1732127918.9226325,1732127918.9256914
960,1732127918.9257607,1732127918.9263184,1732127918.9293618
961,1732127918.929427,1732127918.9299817,1732127918.9330356
962,1732127918.9331067,1732127918.9336588,1732127918.9366813
963,1732127918.9367516,1732127918.9373264,1732127918.9403512
964,1732127918.9404223,1732127918.940994,1732127918.9440167
965,1732127918.9440866,1732127918.9446409,1732127918.9476848
966,1732127918.9477558,1732127918.9483082,1732127918.9513524
967,1732127918.9514203,1732127918.951971,1732127918.9550192
968,1732127918.9550872,1732127918.955648,1732127918.9587069
969,1732127918.9587786,1732127918.9593353,1732127918.962394
970,1732127918.962465,1732127918.9630218,1732127918.9660718
971,1732127918.9661403,1732127918.9666924,1732127918.9697418
972,1732127918.96981,1732127918.9703596,1732127918.973405
973,1732127918.9734726,1732127918.9740222,1732127918.977076
974,1732127918.9771433,1732127918.9776978,1732127918.980723
975,1732127918.9808123,1732127918.9813685,1732127918.9843884
976,1732127918.9844635,1732127918.985041,1732127918.9880605
977,1732127918.9881275,1732127918.988676,1732127918.9917343
978,1732127918.991807,1732127918.9923666,1732127918.995416
979,1732127918.9954805,1732127918.9960432,1732127918.9990993
980,1732127918.9991734,1732127918.9997268,1732127919.0027735
981,1732127919.0028455,1732127919.0034013,1732127919.0064569
982,1732127919.006525,1732127919.0070808,1732127919.010129
983,1732127919.010194,1732127919.0107517,1732127919.0137968
984,1732127919.0138657,1732127919.0144176,1732127919.0174716
985,1732127919.01754,1732127919.0180905,1732127919.0211425
986,1732127919.0212107,1732127919.021767,1732127919.0248153
987,1732127919.0248814,1732127919.0254366,1732127919.0284536
988,1732127919.0285232,1732127919.0291011,1732127919.0321233
989,1732127919.0321946,1732127919.0327458,1732127919.035792
990,1732127919.0358574,1732127919.0364187,1732127919.0394733
991,1732127919.0395405,1732127919.0400958,1732127919.0431468
992,1732127919.043217,1732127919.0437737,1732127919.0468254
993,1732127919.0468905,1732127919.0474389,1732127919.0504827
994,1732127919.050549,1732127919.0511005,1732127919.0541427
995,1732127919.0542045,1732127919.0547528,1732127919.0578024
996,1732127919.0578673,1732127919.0584161,1732127919.0614562
997,1732127919.0615218,1732127919.0620775,1732127919.0651267
998,1732127919.0651934,1732127919.0657485,1732127919.0687609
999,1732127919.0688512,1732127919.0694082,1732127919.0724323
1000,1732127919.0725079,1732127919.073087,1732127919.0761127
