UNIX time;Local time;current1;current2
1737488269.11;2025-01-21T23:37:49.110;513;0
1737488269.12;2025-01-21T23:37:49.120;513;0
1737488269.13;2025-01-21T23:37:49.130;513;0
1737488269.14;2025-01-21T23:37:49.140;513;0
1737488269.15;2025-01-21T23:37:49.150;513;0
1737488269.16;2025-01-21T23:37:49.160;513;0
1737488269.17;2025-01-21T23:37:49.170;513;0
1737488269.18;2025-01-21T23:37:49.180;513;0
1737488269.19;2025-01-21T23:37:49.190;655;0
1737488269.2;2025-01-21T23:37:49.200;655;0
1737488269.21;2025-01-21T23:37:49.210;655;0
1737488269.22;2025-01-21T23:37:49.220;655;0
1737488269.23;2025-01-21T23:37:49.230;655;0
1737488269.24;2025-01-21T23:37:49.240;655;0
1737488269.25;2025-01-21T23:37:49.250;655;0
1737488269.26;2025-01-21T23:37:49.260;655;0
1737488269.27;2025-01-21T23:37:49.270;655;0
1737488269.28;2025-01-21T23:37:49.280;655;0
1737488269.29;2025-01-21T23:37:49.290;851;0
1737488269.3;2025-01-21T23:37:49.300;851;0
1737488269.31;2025-01-21T23:37:49.310;851;0
1737488269.32;2025-01-21T23:37:49.320;851;0
1737488269.33;2025-01-21T23:37:49.330;851;0
1737488269.34;2025-01-21T23:37:49.340;851;0
1737488269.35;2025-01-21T23:37:49.350;851;0
1737488269.36;2025-01-21T23:37:49.360;851;0
1737488269.37;2025-01-21T23:37:49.370;851;0
1737488269.38;2025-01-21T23:37:49.380;851;0
1737488269.39;2025-01-21T23:37:49.390;863;0
1737488269.4;2025-01-21T23:37:49.400;863;0
1737488269.41;2025-01-21T23:37:49.410;863;0
1737488269.42;2025-01-21T23:37:49.420;863;0
1737488269.43;2025-01-21T23:37:49.430;863;0
1737488269.44;2025-01-21T23:37:49.440;863;0
1737488269.45;2025-01-21T23:37:49.450;863;0
1737488269.46;2025-01-21T23:37:49.460;863;0
1737488269.47;2025-01-21T23:37:49.470;863;0
1737488269.48;2025-01-21T23:37:49.480;863;0
1737488269.49;2025-01-21T23:37:49.490;853;0
1737488269.5;2025-01-21T23:37:49.500;853;0
1737488269.51;2025-01-21T23:37:49.510;853;0
1737488269.52;2025-01-21T23:37:49.520;853;0
1737488269.53;2025-01-21T23:37:49.530;853;0
1737488269.54;2025-01-21T23:37:49.540;853;0
1737488269.55;2025-01-21T23:37:49.550;853;0
1737488269.56;2025-01-21T23:37:49.560;853;0
1737488269.57;2025-01-21T23:37:49.570;853;0
1737488269.58;2025-01-21T23:37:49.580;853;0
1737488269.59;2025-01-21T23:37:49.590;910;0
1737488269.6;2025-01-21T23:37:49.600;910;0
1737488269.61;2025-01-21T23:37:49.610;910;0
1737488269.62;2025-01-21T23:37:49.620;910;0
1737488269.63;2025-01-21T23:37:49.630;910;0
1737488269.64;2025-01-21T23:37:49.640;910;0
1737488269.65;2025-01-21T23:37:49.650;910;0
1737488269.66;2025-01-21T23:37:49.660;910;0
1737488269.67;2025-01-21T23:37:49.670;910;0
1737488269.68;2025-01-21T23:37:49.680;910;0
1737488269.69;2025-01-21T23:37:49.690;853;0
1737488269.7;2025-01-21T23:37:49.700;853;0
1737488269.71;2025-01-21T23:37:49.710;853;0
1737488269.72;2025-01-21T23:37:49.720;853;0
1737488269.73;2025-01-21T23:37:49.730;853;0
1737488269.74;2025-01-21T23:37:49.740;853;0
1737488269.75;2025-01-21T23:37:49.750;853;0
1737488269.76;2025-01-21T23:37:49.760;853;0
1737488269.77;2025-01-21T23:37:49.770;853;0
1737488269.78;2025-01-21T23:37:49.780;853;0
1737488269.79;2025-01-21T23:37:49.790;862;0
1737488269.8;2025-01-21T23:37:49.800;862;0
1737488269.81;2025-01-21T23:37:49.810;862;0
1737488269.82;2025-01-21T23:37:49.820;862;0
1737488269.83;2025-01-21T23:37:49.830;862;0
1737488269.84;2025-01-21T23:37:49.840;862;0
1737488269.85;2025-01-21T23:37:49.850;862;0
1737488269.86;2025-01-21T23:37:49.860;862;0
1737488269.87;2025-01-21T23:37:49.870;862;0
1737488269.88;2025-01-21T23:37:49.880;862;0
1737488269.89;2025-01-21T23:37:49.890;854;0
1737488269.9;2025-01-21T23:37:49.900;854;0
1737488269.91;2025-01-21T23:37:49.910;854;0
1737488269.92;2025-01-21T23:37:49.920;854;0
1737488269.93;2025-01-21T23:37:49.930;854;0
1737488269.94;2025-01-21T23:37:49.940;854;0
1737488269.95;2025-01-21T23:37:49.950;854;0
1737488269.96;2025-01-21T23:37:49.960;854;0
1737488269.97;2025-01-21T23:37:49.970;854;0
1737488269.98;2025-01-21T23:37:49.980;854;0
1737488269.99;2025-01-21T23:37:49.990;862;0
1737488270;2025-01-21T23:37:50.000;862;0
1737488270.01;2025-01-21T23:37:50.010;862;0
1737488270.02;2025-01-21T23:37:50.020;862;0
1737488270.03;2025-01-21T23:37:50.030;862;0
1737488270.04;2025-01-21T23:37:50.040;862;0
1737488270.05;2025-01-21T23:37:50.050;862;0
1737488270.06;2025-01-21T23:37:50.060;862;0
1737488270.07;2025-01-21T23:37:50.070;862;0
1737488270.08;2025-01-21T23:37:50.080;862;0
1737488270.09;2025-01-21T23:37:50.090;853;0
1737488270.1;2025-01-21T23:37:50.100;853;0
1737488270.11;2025-01-21T23:37:50.110;853;0
1737488270.12;2025-01-21T23:37:50.120;853;0
1737488270.13;2025-01-21T23:37:50.130;853;0
1737488270.14;2025-01-21T23:37:50.140;853;0
1737488270.15;2025-01-21T23:37:50.150;853;0
1737488270.16;2025-01-21T23:37:50.160;853;0
1737488270.17;2025-01-21T23:37:50.170;853;0
1737488270.18;2025-01-21T23:37:50.180;853;0
1737488270.19;2025-01-21T23:37:50.190;880;0
1737488270.2;2025-01-21T23:37:50.200;880;0
1737488270.21;2025-01-21T23:37:50.210;880;0
1737488270.22;2025-01-21T23:37:50.220;880;0
1737488270.23;2025-01-21T23:37:50.230;880;0
1737488270.24;2025-01-21T23:37:50.240;880;0
1737488270.25;2025-01-21T23:37:50.250;880;0
1737488270.26;2025-01-21T23:37:50.260;880;0
1737488270.27;2025-01-21T23:37:50.270;880;0
1737488270.28;2025-01-21T23:37:50.280;880;0
1737488270.29;2025-01-21T23:37:50.290;854;0
1737488270.3;2025-01-21T23:37:50.300;854;0
1737488270.31;2025-01-21T23:37:50.310;854;0
1737488270.32;2025-01-21T23:37:50.320;854;0
1737488270.33;2025-01-21T23:37:50.330;854;0
1737488270.34;2025-01-21T23:37:50.340;854;0
1737488270.35;2025-01-21T23:37:50.350;854;0
1737488270.36;2025-01-21T23:37:50.360;854;0
1737488270.37;2025-01-21T23:37:50.370;854;0
1737488270.38;2025-01-21T23:37:50.380;854;0
1737488270.39;2025-01-21T23:37:50.390;854;0
1737488270.4;2025-01-21T23:37:50.400;865;0
1737488270.41;2025-01-21T23:37:50.410;865;0
1737488270.42;2025-01-21T23:37:50.420;865;0
1737488270.43;2025-01-21T23:37:50.430;865;0
1737488270.44;2025-01-21T23:37:50.440;865;0
1737488270.45;2025-01-21T23:37:50.450;865;0
1737488270.46;2025-01-21T23:37:50.460;865;0
1737488270.47;2025-01-21T23:37:50.470;865;0
1737488270.48;2025-01-21T23:37:50.480;865;0
1737488270.49;2025-01-21T23:37:50.490;888;0
1737488270.5;2025-01-21T23:37:50.500;888;0
1737488270.51;2025-01-21T23:37:50.510;888;0
1737488270.52;2025-01-21T23:37:50.520;888;0
1737488270.53;2025-01-21T23:37:50.530;888;0
1737488270.54;2025-01-21T23:37:50.540;888;0
1737488270.55;2025-01-21T23:37:50.550;888;0
1737488270.56;2025-01-21T23:37:50.560;888;0
1737488270.57;2025-01-21T23:37:50.570;888;0
1737488270.58;2025-01-21T23:37:50.580;888;0
1737488270.59;2025-01-21T23:37:50.590;877;0
1737488270.6;2025-01-21T23:37:50.600;877;0
1737488270.61;2025-01-21T23:37:50.610;877;0
1737488270.62;2025-01-21T23:37:50.620;877;0
1737488270.63;2025-01-21T23:37:50.630;877;0
1737488270.64;2025-01-21T23:37:50.640;877;0
1737488270.65;2025-01-21T23:37:50.650;877;0
1737488270.66;2025-01-21T23:37:50.660;877;0
1737488270.67;2025-01-21T23:37:50.670;877;0
1737488270.68;2025-01-21T23:37:50.680;877;0
1737488270.69;2025-01-21T23:37:50.690;855;0
1737488270.7;2025-01-21T23:37:50.700;855;0
1737488270.71;2025-01-21T23:37:50.710;855;0
1737488270.72;2025-01-21T23:37:50.720;855;0
1737488270.73;2025-01-21T23:37:50.730;855;0
1737488270.74;2025-01-21T23:37:50.740;855;0
1737488270.75;2025-01-21T23:37:50.750;855;0
1737488270.76;2025-01-21T23:37:50.760;855;0
1737488270.77;2025-01-21T23:37:50.770;855;0
1737488270.78;2025-01-21T23:37:50.780;855;0
1737488270.79;2025-01-21T23:37:50.790;891;0
1737488270.8;2025-01-21T23:37:50.800;891;0
1737488270.81;2025-01-21T23:37:50.810;891;0
1737488270.82;2025-01-21T23:37:50.820;891;0
1737488270.83;2025-01-21T23:37:50.830;891;0
1737488270.84;2025-01-21T23:37:50.840;891;0
1737488270.85;2025-01-21T23:37:50.850;891;0
1737488270.86;2025-01-21T23:37:50.860;891;0
1737488270.87;2025-01-21T23:37:50.870;891;0
1737488270.88;2025-01-21T23:37:50.880;891;0
1737488270.89;2025-01-21T23:37:50.890;857;0
1737488270.9;2025-01-21T23:37:50.900;857;0
1737488270.91;2025-01-21T23:37:50.910;857;0
1737488270.92;2025-01-21T23:37:50.920;857;0
1737488270.93;2025-01-21T23:37:50.930;857;0
1737488270.94;2025-01-21T23:37:50.940;857;0
1737488270.95;2025-01-21T23:37:50.950;857;0
1737488270.96;2025-01-21T23:37:50.960;857;0
1737488270.97;2025-01-21T23:37:50.970;857;0
1737488270.98;2025-01-21T23:37:50.980;857;0
1737488270.99;2025-01-21T23:37:50.990;866;0
1737488271;2025-01-21T23:37:51.000;866;0
1737488271.01;2025-01-21T23:37:51.010;866;0
1737488271.02;2025-01-21T23:37:51.020;866;0
1737488271.03;2025-01-21T23:37:51.030;866;0
1737488271.04;2025-01-21T23:37:51.040;866;0
1737488271.05;2025-01-21T23:37:51.050;866;0
1737488271.06;2025-01-21T23:37:51.060;866;0
1737488271.07;2025-01-21T23:37:51.070;866;0
1737488271.08;2025-01-21T23:37:51.080;866;0
1737488271.09;2025-01-21T23:37:51.090;855;0
1737488271.1;2025-01-21T23:37:51.100;855;0
1737488271.11;2025-01-21T23:37:51.110;855;0
1737488271.12;2025-01-21T23:37:51.120;855;0
1737488271.13;2025-01-21T23:37:51.130;855;0
1737488271.14;2025-01-21T23:37:51.140;855;0
1737488271.15;2025-01-21T23:37:51.150;855;0
1737488271.16;2025-01-21T23:37:51.160;855;0
1737488271.17;2025-01-21T23:37:51.170;855;0
1737488271.18;2025-01-21T23:37:51.180;855;0
1737488271.19;2025-01-21T23:37:51.190;865;0
1737488271.2;2025-01-21T23:37:51.200;865;0
1737488271.21;2025-01-21T23:37:51.210;865;0
1737488271.22;2025-01-21T23:37:51.220;865;0
1737488271.23;2025-01-21T23:37:51.230;865;0
1737488271.24;2025-01-21T23:37:51.240;865;0
1737488271.25;2025-01-21T23:37:51.250;865;0
1737488271.26;2025-01-21T23:37:51.260;865;0
1737488271.27;2025-01-21T23:37:51.270;865;0
1737488271.28;2025-01-21T23:37:51.280;865;0
1737488271.29;2025-01-21T23:37:51.290;856;0
1737488271.3;2025-01-21T23:37:51.300;856;0
1737488271.31;2025-01-21T23:37:51.310;856;0
1737488271.32;2025-01-21T23:37:51.320;856;0
1737488271.33;2025-01-21T23:37:51.330;856;0
1737488271.34;2025-01-21T23:37:51.340;856;0
1737488271.35;2025-01-21T23:37:51.350;856;0
1737488271.36;2025-01-21T23:37:51.360;856;0
1737488271.37;2025-01-21T23:37:51.370;856;0
1737488271.38;2025-01-21T23:37:51.380;856;0
1737488271.39;2025-01-21T23:37:51.390;823;0
1737488271.4;2025-01-21T23:37:51.400;823;0
1737488271.41;2025-01-21T23:37:51.410;823;0
1737488271.42;2025-01-21T23:37:51.420;823;0
1737488271.43;2025-01-21T23:37:51.430;823;0
1737488271.44;2025-01-21T23:37:51.440;823;0
1737488271.45;2025-01-21T23:37:51.450;823;0
1737488271.46;2025-01-21T23:37:51.460;823;0
1737488271.47;2025-01-21T23:37:51.470;823;0
1737488271.48;2025-01-21T23:37:51.480;823;0
1737488271.49;2025-01-21T23:37:51.490;638;0
1737488271.5;2025-01-21T23:37:51.500;638;0
1737488271.51;2025-01-21T23:37:51.510;638;0
1737488271.52;2025-01-21T23:37:51.520;638;0
1737488271.53;2025-01-21T23:37:51.530;638;0
1737488271.54;2025-01-21T23:37:51.540;638;0
1737488271.55;2025-01-21T23:37:51.550;638;0
1737488271.56;2025-01-21T23:37:51.560;638;0
1737488271.57;2025-01-21T23:37:51.570;638;0
1737488271.58;2025-01-21T23:37:51.580;638;0
1737488271.59;2025-01-21T23:37:51.590;642;0
1737488271.6;2025-01-21T23:37:51.600;642;0
1737488271.61;2025-01-21T23:37:51.610;642;0
1737488271.62;2025-01-21T23:37:51.620;642;0
1737488271.63;2025-01-21T23:37:51.630;642;0
1737488271.64;2025-01-21T23:37:51.640;642;0
1737488271.65;2025-01-21T23:37:51.650;642;0
1737488271.66;2025-01-21T23:37:51.660;642;0
1737488271.67;2025-01-21T23:37:51.670;642;0
1737488271.68;2025-01-21T23:37:51.680;642;0
1737488271.69;2025-01-21T23:37:51.690;637;0
1737488271.7;2025-01-21T23:37:51.700;637;0
1737488271.71;2025-01-21T23:37:51.710;637;0
1737488271.72;2025-01-21T23:37:51.720;637;0
1737488271.73;2025-01-21T23:37:51.730;637;0
1737488271.74;2025-01-21T23:37:51.740;637;0
1737488271.75;2025-01-21T23:37:51.750;637;0
1737488271.76;2025-01-21T23:37:51.760;637;0
1737488271.77;2025-01-21T23:37:51.770;637;0
1737488271.78;2025-01-21T23:37:51.780;637;0
1737488271.79;2025-01-21T23:37:51.790;636;0
1737488271.8;2025-01-21T23:37:51.800;636;0
1737488271.81;2025-01-21T23:37:51.810;636;0
1737488271.82;2025-01-21T23:37:51.820;636;0
1737488271.83;2025-01-21T23:37:51.830;636;0
1737488271.84;2025-01-21T23:37:51.840;636;0
1737488271.85;2025-01-21T23:37:51.850;636;0
1737488271.86;2025-01-21T23:37:51.860;636;0
1737488271.87;2025-01-21T23:37:51.870;636;0
1737488271.88;2025-01-21T23:37:51.880;636;0
1737488271.89;2025-01-21T23:37:51.890;636;0
1737488271.9;2025-01-21T23:37:51.900;636;0
1737488271.91;2025-01-21T23:37:51.910;636;0
1737488271.92;2025-01-21T23:37:51.920;636;0
1737488271.93;2025-01-21T23:37:51.930;636;0
1737488271.94;2025-01-21T23:37:51.940;636;0
1737488271.95;2025-01-21T23:37:51.950;636;0
1737488271.96;2025-01-21T23:37:51.960;636;0
1737488271.97;2025-01-21T23:37:51.970;636;0
1737488271.98;2025-01-21T23:37:51.980;636;0
1737488271.99;2025-01-21T23:37:51.990;636;0
1737488272;2025-01-21T23:37:52.000;636;0
1737488272.01;2025-01-21T23:37:52.010;636;0
1737488272.02;2025-01-21T23:37:52.020;636;0
1737488272.03;2025-01-21T23:37:52.030;636;0
1737488272.04;2025-01-21T23:37:52.040;636;0
1737488272.05;2025-01-21T23:37:52.050;636;0
1737488272.06;2025-01-21T23:37:52.060;636;0
1737488272.07;2025-01-21T23:37:52.070;636;0
1737488272.08;2025-01-21T23:37:52.080;636;0
1737488272.09;2025-01-21T23:37:52.090;635;0
1737488272.1;2025-01-21T23:37:52.100;635;0
1737488272.11;2025-01-21T23:37:52.110;635;0
1737488272.12;2025-01-21T23:37:52.120;635;0
1737488272.13;2025-01-21T23:37:52.130;635;0
1737488272.14;2025-01-21T23:37:52.140;635;0
1737488272.15;2025-01-21T23:37:52.150;635;0
1737488272.16;2025-01-21T23:37:52.160;635;0
1737488272.17;2025-01-21T23:37:52.170;635;0
1737488272.18;2025-01-21T23:37:52.180;635;0
1737488272.19;2025-01-21T23:37:52.190;635;0
1737488272.2;2025-01-21T23:37:52.200;635;0
1737488272.21;2025-01-21T23:37:52.210;635;0
1737488272.22;2025-01-21T23:37:52.220;635;0
1737488272.23;2025-01-21T23:37:52.230;635;0
1737488272.24;2025-01-21T23:37:52.240;635;0
1737488272.25;2025-01-21T23:37:52.250;635;0
1737488272.26;2025-01-21T23:37:52.260;635;0
1737488272.27;2025-01-21T23:37:52.270;635;0
1737488272.28;2025-01-21T23:37:52.280;635;0
1737488272.29;2025-01-21T23:37:52.290;635;0
1737488272.3;2025-01-21T23:37:52.300;635;0
1737488272.31;2025-01-21T23:37:52.310;635;0
1737488272.32;2025-01-21T23:37:52.320;635;0
1737488272.33;2025-01-21T23:37:52.330;635;0
1737488272.34;2025-01-21T23:37:52.340;635;0
1737488272.35;2025-01-21T23:37:52.350;635;0
1737488272.36;2025-01-21T23:37:52.360;635;0
1737488272.37;2025-01-21T23:37:52.370;635;0
1737488272.38;2025-01-21T23:37:52.380;635;0
1737488272.39;2025-01-21T23:37:52.390;635;0
1737488272.4;2025-01-21T23:37:52.400;635;0
1737488272.41;2025-01-21T23:37:52.410;635;0
1737488272.42;2025-01-21T23:37:52.420;635;0
1737488272.43;2025-01-21T23:37:52.430;635;0
1737488272.44;2025-01-21T23:37:52.440;635;0
1737488272.45;2025-01-21T23:37:52.450;635;0
1737488272.46;2025-01-21T23:37:52.460;635;0
1737488272.47;2025-01-21T23:37:52.470;635;0
1737488272.48;2025-01-21T23:37:52.480;635;0
1737488272.49;2025-01-21T23:37:52.490;636;0
1737488272.5;2025-01-21T23:37:52.500;636;0
1737488272.51;2025-01-21T23:37:52.510;636;0
1737488272.52;2025-01-21T23:37:52.520;636;0
1737488272.53;2025-01-21T23:37:52.530;636;0
1737488272.54;2025-01-21T23:37:52.540;636;0
1737488272.55;2025-01-21T23:37:52.550;636;0
1737488272.56;2025-01-21T23:37:52.560;636;0
1737488272.57;2025-01-21T23:37:52.570;636;0
1737488272.58;2025-01-21T23:37:52.580;636;0
1737488272.59;2025-01-21T23:37:52.590;635;0
1737488272.6;2025-01-21T23:37:52.600;635;0
1737488272.61;2025-01-21T23:37:52.610;635;0
1737488272.62;2025-01-21T23:37:52.620;635;0
1737488272.63;2025-01-21T23:37:52.630;635;0
1737488272.64;2025-01-21T23:37:52.640;635;0
1737488272.65;2025-01-21T23:37:52.650;635;0
1737488272.66;2025-01-21T23:37:52.660;635;0
1737488272.67;2025-01-21T23:37:52.670;635;0
1737488272.68;2025-01-21T23:37:52.680;635;0
1737488272.69;2025-01-21T23:37:52.690;635;0
1737488272.7;2025-01-21T23:37:52.700;635;0
1737488272.71;2025-01-21T23:37:52.710;635;0
1737488272.72;2025-01-21T23:37:52.720;635;0
1737488272.73;2025-01-21T23:37:52.730;635;0
1737488272.74;2025-01-21T23:37:52.740;635;0
1737488272.75;2025-01-21T23:37:52.750;635;0
1737488272.76;2025-01-21T23:37:52.760;635;0
1737488272.77;2025-01-21T23:37:52.770;635;0
1737488272.78;2025-01-21T23:37:52.780;635;0
1737488272.79;2025-01-21T23:37:52.790;635;0
1737488272.8;2025-01-21T23:37:52.800;635;0
1737488272.81;2025-01-21T23:37:52.810;635;0
1737488272.82;2025-01-21T23:37:52.820;635;0
1737488272.83;2025-01-21T23:37:52.830;635;0
1737488272.84;2025-01-21T23:37:52.840;635;0
1737488272.85;2025-01-21T23:37:52.850;635;0
1737488272.86;2025-01-21T23:37:52.860;635;0
1737488272.87;2025-01-21T23:37:52.870;635;0
1737488272.88;2025-01-21T23:37:52.880;635;0
1737488272.89;2025-01-21T23:37:52.890;636;0
1737488272.9;2025-01-21T23:37:52.900;636;0
1737488272.91;2025-01-21T23:37:52.910;636;0
1737488272.92;2025-01-21T23:37:52.920;636;0
1737488272.93;2025-01-21T23:37:52.930;636;0
1737488272.94;2025-01-21T23:37:52.940;636;0
1737488272.95;2025-01-21T23:37:52.950;636;0
1737488272.96;2025-01-21T23:37:52.960;636;0
1737488272.97;2025-01-21T23:37:52.970;636;0
1737488272.98;2025-01-21T23:37:52.980;636;0
1737488272.99;2025-01-21T23:37:52.990;635;0
1737488273;2025-01-21T23:37:53.000;635;0
1737488273.01;2025-01-21T23:37:53.010;635;0
1737488273.02;2025-01-21T23:37:53.020;635;0
1737488273.03;2025-01-21T23:37:53.030;635;0
1737488273.04;2025-01-21T23:37:53.040;635;0
1737488273.05;2025-01-21T23:37:53.050;635;0
1737488273.06;2025-01-21T23:37:53.060;635;0
1737488273.07;2025-01-21T23:37:53.070;635;0
1737488273.08;2025-01-21T23:37:53.080;635;0
1737488273.09;2025-01-21T23:37:53.090;635;0
1737488273.1;2025-01-21T23:37:53.100;635;0
1737488273.11;2025-01-21T23:37:53.110;635;0
1737488273.12;2025-01-21T23:37:53.120;635;0
1737488273.13;2025-01-21T23:37:53.130;635;0
1737488273.14;2025-01-21T23:37:53.140;635;0
1737488273.15;2025-01-21T23:37:53.150;635;0
1737488273.16;2025-01-21T23:37:53.160;635;0
1737488273.17;2025-01-21T23:37:53.170;635;0
1737488273.18;2025-01-21T23:37:53.180;635;0
1737488273.19;2025-01-21T23:37:53.190;635;0
1737488273.2;2025-01-21T23:37:53.200;635;0
1737488273.21;2025-01-21T23:37:53.210;635;0
1737488273.22;2025-01-21T23:37:53.220;635;0
1737488273.23;2025-01-21T23:37:53.230;635;0
1737488273.24;2025-01-21T23:37:53.240;635;0
1737488273.25;2025-01-21T23:37:53.250;635;0
1737488273.26;2025-01-21T23:37:53.260;635;0
1737488273.27;2025-01-21T23:37:53.270;635;0
1737488273.28;2025-01-21T23:37:53.280;635;0
1737488273.29;2025-01-21T23:37:53.290;682;0
1737488273.3;2025-01-21T23:37:53.300;682;0
1737488273.31;2025-01-21T23:37:53.310;682;0
1737488273.32;2025-01-21T23:37:53.320;682;0
1737488273.33;2025-01-21T23:37:53.330;682;0
1737488273.34;2025-01-21T23:37:53.340;682;0
1737488273.35;2025-01-21T23:37:53.350;682;0
1737488273.36;2025-01-21T23:37:53.360;682;0
1737488273.37;2025-01-21T23:37:53.370;682;0
1737488273.38;2025-01-21T23:37:53.380;682;0
1737488273.39;2025-01-21T23:37:53.390;635;0
1737488273.4;2025-01-21T23:37:53.400;635;0
1737488273.41;2025-01-21T23:37:53.410;635;0
1737488273.42;2025-01-21T23:37:53.420;635;0
1737488273.43;2025-01-21T23:37:53.430;635;0
1737488273.44;2025-01-21T23:37:53.440;635;0
1737488273.45;2025-01-21T23:37:53.450;635;0
1737488273.46;2025-01-21T23:37:53.460;635;0
1737488273.47;2025-01-21T23:37:53.470;635;0
1737488273.48;2025-01-21T23:37:53.480;635;0
1737488273.49;2025-01-21T23:37:53.490;635;0
1737488273.5;2025-01-21T23:37:53.500;635;0
1737488273.51;2025-01-21T23:37:53.510;635;0
1737488273.52;2025-01-21T23:37:53.520;635;0
1737488273.53;2025-01-21T23:37:53.530;635;0
1737488273.54;2025-01-21T23:37:53.540;635;0
1737488273.55;2025-01-21T23:37:53.550;635;0
1737488273.56;2025-01-21T23:37:53.560;635;0
1737488273.57;2025-01-21T23:37:53.570;635;0
1737488273.58;2025-01-21T23:37:53.580;635;0
1737488273.59;2025-01-21T23:37:53.590;641;0
1737488273.6;2025-01-21T23:37:53.600;641;0
1737488273.61;2025-01-21T23:37:53.610;641;0
1737488273.62;2025-01-21T23:37:53.620;641;0
1737488273.63;2025-01-21T23:37:53.630;641;0
1737488273.64;2025-01-21T23:37:53.640;641;0
1737488273.65;2025-01-21T23:37:53.650;641;0
1737488273.66;2025-01-21T23:37:53.660;641;0
1737488273.67;2025-01-21T23:37:53.670;641;0
1737488273.68;2025-01-21T23:37:53.680;641;0
1737488273.69;2025-01-21T23:37:53.690;636;0
1737488273.7;2025-01-21T23:37:53.700;636;0
1737488273.71;2025-01-21T23:37:53.710;636;0
1737488273.72;2025-01-21T23:37:53.720;636;0
1737488273.73;2025-01-21T23:37:53.730;636;0
1737488273.74;2025-01-21T23:37:53.740;636;0
1737488273.75;2025-01-21T23:37:53.750;636;0
1737488273.76;2025-01-21T23:37:53.760;636;0
1737488273.77;2025-01-21T23:37:53.770;636;0
1737488273.78;2025-01-21T23:37:53.780;636;0
1737488273.79;2025-01-21T23:37:53.790;635;0
1737488273.8;2025-01-21T23:37:53.800;635;0
1737488273.81;2025-01-21T23:37:53.810;635;0
1737488273.82;2025-01-21T23:37:53.820;635;0
1737488273.83;2025-01-21T23:37:53.830;635;0
1737488273.84;2025-01-21T23:37:53.840;635;0
1737488273.85;2025-01-21T23:37:53.850;635;0
1737488273.86;2025-01-21T23:37:53.860;635;0
1737488273.87;2025-01-21T23:37:53.870;635;0
1737488273.88;2025-01-21T23:37:53.880;635;0
1737488273.89;2025-01-21T23:37:53.890;635;0
1737488273.9;2025-01-21T23:37:53.900;635;0
1737488273.91;2025-01-21T23:37:53.910;635;0
1737488273.92;2025-01-21T23:37:53.920;635;0
1737488273.93;2025-01-21T23:37:53.930;635;0
1737488273.94;2025-01-21T23:37:53.940;635;0
1737488273.95;2025-01-21T23:37:53.950;635;0
1737488273.96;2025-01-21T23:37:53.960;635;0
1737488273.97;2025-01-21T23:37:53.970;635;0
1737488273.98;2025-01-21T23:37:53.980;635;0
1737488273.99;2025-01-21T23:37:53.990;635;0
1737488274;2025-01-21T23:37:54.000;635;0
1737488274.01;2025-01-21T23:37:54.010;635;0
1737488274.02;2025-01-21T23:37:54.020;635;0
1737488274.03;2025-01-21T23:37:54.030;635;0
1737488274.04;2025-01-21T23:37:54.040;635;0
1737488274.05;2025-01-21T23:37:54.050;635;0
1737488274.06;2025-01-21T23:37:54.060;635;0
1737488274.07;2025-01-21T23:37:54.070;635;0
1737488274.08;2025-01-21T23:37:54.080;635;0
1737488274.09;2025-01-21T23:37:54.090;635;0
1737488274.1;2025-01-21T23:37:54.100;635;0
1737488274.11;2025-01-21T23:37:54.110;635;0
1737488274.12;2025-01-21T23:37:54.120;635;0
1737488274.13;2025-01-21T23:37:54.130;635;0
1737488274.14;2025-01-21T23:37:54.140;635;0
1737488274.15;2025-01-21T23:37:54.150;635;0
1737488274.16;2025-01-21T23:37:54.160;635;0
1737488274.17;2025-01-21T23:37:54.170;635;0
1737488274.18;2025-01-21T23:37:54.180;635;0
1737488274.19;2025-01-21T23:37:54.190;646;0
1737488274.2;2025-01-21T23:37:54.200;646;0
1737488274.21;2025-01-21T23:37:54.210;646;0
1737488274.22;2025-01-21T23:37:54.220;646;0
1737488274.23;2025-01-21T23:37:54.230;646;0
1737488274.24;2025-01-21T23:37:54.240;646;0
1737488274.25;2025-01-21T23:37:54.250;646;0
1737488274.26;2025-01-21T23:37:54.260;646;0
1737488274.27;2025-01-21T23:37:54.270;646;0
1737488274.28;2025-01-21T23:37:54.280;646;0
1737488274.29;2025-01-21T23:37:54.290;589;0
1737488274.3;2025-01-21T23:37:54.300;589;0
1737488274.31;2025-01-21T23:37:54.310;589;0
1737488274.32;2025-01-21T23:37:54.320;589;0
1737488274.33;2025-01-21T23:37:54.330;589;0
1737488274.34;2025-01-21T23:37:54.340;589;0
1737488274.35;2025-01-21T23:37:54.350;589;0
1737488274.36;2025-01-21T23:37:54.360;589;0
1737488274.37;2025-01-21T23:37:54.370;589;0
1737488274.38;2025-01-21T23:37:54.380;589;0
1737488274.39;2025-01-21T23:37:54.390;550;0
1737488274.4;2025-01-21T23:37:54.400;550;0
1737488274.41;2025-01-21T23:37:54.410;550;0
1737488274.42;2025-01-21T23:37:54.420;550;0
1737488274.43;2025-01-21T23:37:54.430;550;0
1737488274.44;2025-01-21T23:37:54.440;550;0
1737488274.45;2025-01-21T23:37:54.450;550;0
1737488274.46;2025-01-21T23:37:54.460;550;0
1737488274.47;2025-01-21T23:37:54.470;550;0
1737488274.48;2025-01-21T23:37:54.480;550;0
1737488274.49;2025-01-21T23:37:54.490;507;0
1737488274.5;2025-01-21T23:37:54.500;507;0
1737488274.51;2025-01-21T23:37:54.510;507;0
1737488274.52;2025-01-21T23:37:54.520;507;0
1737488274.53;2025-01-21T23:37:54.530;507;0
1737488274.54;2025-01-21T23:37:54.540;507;0
1737488274.55;2025-01-21T23:37:54.550;507;0
1737488274.56;2025-01-21T23:37:54.560;507;0
1737488274.57;2025-01-21T23:37:54.570;507;0
1737488274.58;2025-01-21T23:37:54.580;507;0
1737488274.59;2025-01-21T23:37:54.590;507;0
1737488274.6;2025-01-21T23:37:54.600;507;0
1737488274.61;2025-01-21T23:37:54.610;507;0
1737488274.62;2025-01-21T23:37:54.620;507;0
1737488274.63;2025-01-21T23:37:54.630;507;0
1737488274.64;2025-01-21T23:37:54.640;507;0
1737488274.65;2025-01-21T23:37:54.650;507;0
1737488274.66;2025-01-21T23:37:54.660;507;0
1737488274.67;2025-01-21T23:37:54.670;507;0
1737488274.68;2025-01-21T23:37:54.680;507;0
1737488274.69;2025-01-21T23:37:54.690;507;0
1737488274.7;2025-01-21T23:37:54.700;506;0
1737488274.71;2025-01-21T23:37:54.710;506;0
1737488274.72;2025-01-21T23:37:54.720;506;0
1737488274.73;2025-01-21T23:37:54.730;506;0
1737488274.74;2025-01-21T23:37:54.740;506;0
1737488274.75;2025-01-21T23:37:54.750;506;0
1737488274.76;2025-01-21T23:37:54.760;506;0
1737488274.77;2025-01-21T23:37:54.770;506;0
1737488274.78;2025-01-21T23:37:54.780;506;0
1737488274.79;2025-01-21T23:37:54.790;507;0
1737488274.8;2025-01-21T23:37:54.800;507;0
1737488274.81;2025-01-21T23:37:54.810;507;0
1737488274.82;2025-01-21T23:37:54.820;507;0
1737488274.83;2025-01-21T23:37:54.830;507;0
1737488274.84;2025-01-21T23:37:54.840;507;0
1737488274.85;2025-01-21T23:37:54.850;507;0
1737488274.86;2025-01-21T23:37:54.860;507;0
1737488274.87;2025-01-21T23:37:54.870;507;0
1737488274.88;2025-01-21T23:37:54.880;507;0
1737488274.89;2025-01-21T23:37:54.890;507;0
1737488274.9;2025-01-21T23:37:54.900;507;0
1737488274.91;2025-01-21T23:37:54.910;507;0
1737488274.92;2025-01-21T23:37:54.920;507;0
1737488274.93;2025-01-21T23:37:54.930;507;0
1737488274.94;2025-01-21T23:37:54.940;507;0
1737488274.95;2025-01-21T23:37:54.950;507;0
1737488274.96;2025-01-21T23:37:54.960;507;0
1737488274.97;2025-01-21T23:37:54.970;507;0
1737488274.98;2025-01-21T23:37:54.980;507;0
1737488274.99;2025-01-21T23:37:54.990;517;0
1737488275;2025-01-21T23:37:55.000;517;0
1737488275.01;2025-01-21T23:37:55.010;517;0
1737488275.02;2025-01-21T23:37:55.020;517;0
1737488275.03;2025-01-21T23:37:55.030;517;0
1737488275.04;2025-01-21T23:37:55.040;517;0
1737488275.05;2025-01-21T23:37:55.050;517;0
1737488275.06;2025-01-21T23:37:55.060;517;0
1737488275.07;2025-01-21T23:37:55.070;517;0
1737488275.08;2025-01-21T23:37:55.080;517;0
1737488275.09;2025-01-21T23:37:55.090;516;0
1737488275.1;2025-01-21T23:37:55.100;516;0
1737488275.11;2025-01-21T23:37:55.110;516;0
1737488275.12;2025-01-21T23:37:55.120;516;0
1737488275.13;2025-01-21T23:37:55.130;516;0
1737488275.14;2025-01-21T23:37:55.140;516;0
1737488275.15;2025-01-21T23:37:55.150;516;0
1737488275.16;2025-01-21T23:37:55.160;516;0
1737488275.17;2025-01-21T23:37:55.170;516;0
1737488275.18;2025-01-21T23:37:55.180;516;0
1737488275.19;2025-01-21T23:37:55.190;533;0
1737488275.2;2025-01-21T23:37:55.200;533;0
1737488275.21;2025-01-21T23:37:55.210;533;0
1737488275.22;2025-01-21T23:37:55.220;533;0
1737488275.23;2025-01-21T23:37:55.230;533;0
1737488275.24;2025-01-21T23:37:55.240;533;0
1737488275.25;2025-01-21T23:37:55.250;533;0
1737488275.26;2025-01-21T23:37:55.260;533;0
1737488275.27;2025-01-21T23:37:55.270;533;0
1737488275.28;2025-01-21T23:37:55.280;533;0
1737488275.29;2025-01-21T23:37:55.290;534;0
1737488275.3;2025-01-21T23:37:55.300;534;0
1737488275.31;2025-01-21T23:37:55.310;534;0
1737488275.32;2025-01-21T23:37:55.320;534;0
1737488275.33;2025-01-21T23:37:55.330;534;0
1737488275.34;2025-01-21T23:37:55.340;534;0
1737488275.35;2025-01-21T23:37:55.350;534;0
1737488275.36;2025-01-21T23:37:55.360;534;0
1737488275.37;2025-01-21T23:37:55.370;534;0
1737488275.38;2025-01-21T23:37:55.380;534;0