Inference Count,Inference Time (ms),End-to-End Time (ms),FPS
1,631.293,715.399,1.584050512
2,631.294,715.735,1.584048003
3,631.324,715.765,1.58397273
4,631.275,715.715,1.584095679
5,631.306,715.746,1.584017893
6,631.275,715.734,1.584095679
7,631.324,715.765,1.58397273
8,631.293,715.765,1.584050512
9,631.324,715.795,1.58397273
10,631.263,715.734,1.584125792
11,631.274,715.684,1.584098189
12,631.275,715.715,1.584095679
13,631.244,715.703,1.584173473
14,631.263,715.734,1.584125792
15,631.293,715.795,1.584050512
16,631.294,715.704,1.584048003
17,631.293,715.734,1.584050512
18,631.274,715.715,1.584098189
19,631.275,715.746,1.584095679
20,631.275,715.734,1.584095679
21,631.294,715.764,1.584048003
22,631.294,715.765,1.584048003
23,631.324,715.796,1.58397273
24,631.294,715.734,1.584048003
25,631.306,715.746,1.584017893
26,631.306,715.746,1.584017893
27,631.244,715.703,1.584173473
28,631.293,715.734,1.584050512
29,631.293,715.734,1.584050512
30,631.324,715.765,1.58397273
31,631.294,715.765,1.584048003
32,631.275,715.715,1.584095679
33,631.275,715.715,1.584095679
34,631.275,715.734,1.584095679
35,631.324,715.764,1.58397273
36,631.294,715.734,1.584048003
37,631.293,715.734,1.584050512
38,631.263,715.704,1.584125792
39,631.244,715.715,1.584173473
40,631.275,715.746,1.584095679
41,631.275,715.734,1.584095679
42,631.294,715.735,1.584048003
43,631.355,715.765,1.583894956
44,631.233,715.735,1.584201079
45,631.294,715.734,1.584048003
46,631.275,715.715,1.584095679
47,631.306,715.746,1.584017893
48,631.263,715.765,1.584125792
49,631.293,715.734,1.584050512
50,631.293,715.734,1.584050512
51,631.293,715.765,1.584050512
52,631.294,715.765,1.584048003
53,631.275,715.776,1.584095679
54,631.275,715.715,1.584095679
55,631.294,715.734,1.584048003
56,631.263,715.703,1.584125792
57,631.263,715.734,1.584125792
58,631.293,715.734,1.584050512
59,631.293,715.734,1.584050512
60,631.275,715.746,1.584095679
61,631.275,715.746,1.584095679
62,631.263,715.734,1.584125792
63,631.294,715.735,1.584048003
64,631.294,715.765,1.584048003
65,631.294,715.796,1.584048003
66,631.294,715.734,1.584048003
67,631.275,715.776,1.584095679
68,631.214,715.685,1.584248765
69,631.294,715.795,1.584048003
70,631.324,715.826,1.58397273
71,631.324,715.795,1.58397273
72,631.263,715.765,1.584125792
73,631.293,715.795,1.584050512
74,631.274,715.776,1.584098189
75,631.214,715.745,1.584248765
76,631.294,715.795,1.584048003
77,631.294,715.795,1.584048003
78,631.294,715.795,1.584048003
79,631.263,715.795,1.584125792
80,631.263,715.795,1.584125792
81,631.244,715.746,1.584173473
82,631.274,715.776,1.584098189
83,631.293,715.764,1.584050512
84,631.324,715.826,1.58397273
85,631.324,715.826,1.58397273
86,631.294,715.796,1.584048003
87,631.294,715.795,1.584048003
88,631.275,715.776,1.584095679
89,631.306,715.807,1.584017893
90,631.294,715.826,1.584048003
91,631.325,715.796,1.583970221
92,631.263,715.765,1.584125792
93,631.324,715.826,1.58397273
94,631.294,715.826,1.584048003
95,631.305,715.837,1.584020402
96,631.275,715.806,1.584095679
97,631.263,715.764,1.584125792
98,631.294,715.825,1.584048003
99,631.324,715.825,1.58397273
100,631.294,715.765,1.584048003
101,631.293,715.795,1.584050512
102,631.305,715.807,1.584020402
103,631.275,715.807,1.584095679
104,631.294,715.795,1.584048003
105,631.293,715.765,1.584050512
106,631.324,715.857,1.58397273
107,631.324,715.826,1.58397273
108,631.294,715.826,1.584048003
109,631.336,715.837,1.583942623
110,631.275,715.807,1.584095679
111,631.294,715.795,1.584048003
112,631.263,715.795,1.584125792
113,631.263,715.765,1.584125792
114,631.232,715.765,1.584203589
115,631.293,715.795,1.584050512
116,631.275,715.837,1.584095679
117,631.305,715.806,1.584020402
118,631.263,715.795,1.584125792
119,631.324,715.856,1.58397273
120,631.263,715.795,1.584125792
121,631.293,715.795,1.584050512
122,631.244,715.746,1.584173473
123,631.274,715.776,1.584098189
124,631.305,715.856,1.584020402
125,631.293,715.764,1.584050512
126,631.263,715.796,1.584125792
127,631.293,715.857,1.584050512
128,631.263,715.796,1.584125792
129,631.275,715.837,1.584095679
130,631.306,715.807,1.584017893
131,631.275,715.795,1.584095679
132,631.294,715.795,1.584048003
133,631.232,715.764,1.584203589
134,631.232,715.734,1.584203589
135,631.263,715.795,1.584125792
136,631.244,715.746,1.584173473
137,631.244,715.776,1.584173473
138,631.214,715.734,1.584248765
139,631.263,715.764,1.584125792
140,631.263,715.825,1.584125792
141,631.293,715.825,1.584050512
142,631.293,715.795,1.584050512
143,631.274,715.776,1.584098189
144,631.244,715.776,1.584173473
145,631.275,715.826,1.584095679
146,631.294,715.795,1.584048003
147,631.294,715.796,1.584048003
148,631.232,715.765,1.584203589
149,631.293,715.826,1.584050512
150,631.306,715.807,1.584017893
151,631.306,715.807,1.584017893
152,631.306,715.826,1.584017893
153,631.324,715.887,1.58397273
154,631.294,715.796,1.584048003
155,631.293,715.795,1.584050512
156,631.354,715.856,1.583897465
157,631.275,715.837,1.584095679
158,631.305,715.837,1.584020402
159,631.244,715.795,1.584173473
160,631.324,715.856,1.58397273
161,631.293,715.825,1.584050512
162,631.324,715.856,1.58397273
163,631.324,715.826,1.58397273
164,631.305,715.807,1.584020402
165,631.275,715.807,1.584095679
166,631.275,715.856,1.584095679
167,631.263,715.764,1.584125792
168,631.293,715.826,1.584050512
169,631.355,715.857,1.583894956
170,631.294,715.826,1.584048003
171,631.275,715.807,1.584095679
172,631.306,715.807,1.584017893
173,631.306,715.826,1.584017893
174,631.324,715.856,1.58397273
175,631.324,715.856,1.58397273
176,631.263,715.795,1.584125792
177,631.294,715.826,1.584048003
178,631.275,715.837,1.584095679
179,631.244,715.807,1.584173473
180,631.275,715.795,1.584095679
181,631.324,715.856,1.58397273
182,631.263,715.825,1.584125792
183,631.324,715.856,1.58397273
184,631.293,715.795,1.584050512
185,631.305,715.807,1.584020402
186,631.335,715.837,1.583945132
187,631.274,715.795,1.584098189
188,631.293,715.825,1.584050512
189,631.293,715.826,1.584050512
190,631.293,715.826,1.584050512
191,631.294,715.826,1.584048003
192,631.275,715.807,1.584095679
193,631.305,715.837,1.584020402
194,631.306,715.826,1.584017893
195,631.324,715.887,1.58397273
196,631.355,715.857,1.583894956
197,631.232,715.734,1.584203589
198,631.263,715.765,1.584125792
199,631.244,715.776,1.584173473
200,631.244,715.776,1.584173473
201,631.244,715.764,1.584173473
202,631.263,715.795,1.584125792
203,631.263,715.764,1.584125792
204,631.293,715.825,1.584050512
205,631.293,715.795,1.584050512
206,631.274,715.776,1.584098189
207,631.213,715.746,1.584251275
208,631.275,715.856,1.584095679
209,631.293,715.795,1.584050512
210,631.294,715.796,1.584048003
211,631.293,715.826,1.584050512
212,631.294,715.826,1.584048003
213,631.336,715.837,1.583942623
214,631.275,715.776,1.584095679
215,631.275,715.826,1.584095679
216,631.294,715.826,1.584048003
217,631.233,715.765,1.584201079
218,631.294,715.826,1.584048003
219,631.233,715.765,1.584201079
220,631.305,715.868,1.584020402
221,631.274,715.837,1.584098189
222,631.324,715.886,1.58397273
223,631.293,715.886,1.584050512
224,631.324,715.947,1.58397273
225,631.263,715.947,1.584125792
226,631.294,715.887,1.584048003
227,631.244,715.837,1.584173473
228,631.274,715.837,1.584098189
229,631.293,715.856,1.584050512
230,631.294,715.795,1.584048003
231,631.263,715.796,1.584125792
232,631.232,715.765,1.584203589
233,631.294,715.796,1.584048003
234,631.245,715.746,1.584170964
235,631.245,715.746,1.584170964
236,631.233,715.795,1.584201079
237,631.263,715.795,1.584125792
238,631.263,715.765,1.584125792
239,631.202,715.734,1.584278884
240,631.263,715.765,1.584125792
241,631.275,715.807,1.584095679
242,631.244,715.807,1.584173473
243,631.263,715.795,1.584125792
244,631.293,715.825,1.584050512
245,631.293,715.825,1.584050512
246,631.324,715.856,1.58397273
247,631.293,715.795,1.584050512
248,631.274,715.776,1.584098189
249,631.244,715.776,1.584173473
250,631.294,715.826,1.584048003
251,631.263,715.795,1.584125792
252,631.232,715.765,1.584203589
253,631.232,715.765,1.584203589
254,631.294,715.826,1.584048003
255,631.245,715.746,1.584170964
256,631.245,715.746,1.584170964
257,631.263,715.887,1.584125792
258,631.232,715.795,1.584203589
259,631.263,715.765,1.584125792
260,631.294,715.826,1.584048003
261,631.232,715.826,1.584203589
262,631.244,715.807,1.584173473
263,631.275,715.776,1.584095679
264,631.263,715.825,1.584125792
265,631.263,715.856,1.584125792
266,631.294,715.856,1.584048003
267,631.263,715.825,1.584125792
268,631.232,715.765,1.584203589
269,631.244,715.837,1.584173473
270,631.274,716.081,1.584098189
271,631.263,715.948,1.584125792
272,631.263,716.039,1.584125792
273,631.293,716.07,1.584050512
274,631.324,716.131,1.58397273
275,631.294,716.101,1.584048003
276,631.305,716.081,1.584020402
277,631.244,716.051,1.584173473
278,631.263,716.039,1.584125792
279,631.263,716.009,1.584125792
280,631.263,716.04,1.584125792
281,631.325,716.101,1.583970221
282,631.294,716.04,1.584048003
283,631.275,716.082,1.584095679
284,631.305,716.081,1.584020402
285,631.324,716.1,1.58397273
286,631.294,716.1,1.584048003
287,631.263,716.039,1.584125792
288,631.263,716.069,1.584125792
289,631.263,716.039,1.584125792
290,631.275,716.081,1.584095679
291,631.244,716.02,1.584173473
292,631.324,716.1,1.58397273
293,631.294,715.979,1.584048003
294,631.294,716.009,1.584048003
295,631.293,716.07,1.584050512
296,631.305,715.99,1.584020402
297,631.275,715.685,1.584095679
298,631.244,716.131,1.584173473
299,631.263,715.581,1.584125792
300,631.263,715.826,1.584125792
301,631.263,716.864,1.584125792
302,631.355,715.918,1.583894956
303,631.244,715.715,1.584173473
304,631.244,716.692,1.584173473
305,631.244,716.466,1.584173473
306,631.263,716.344,1.584125792
307,631.294,716.741,1.584048003
308,631.264,717.077,1.584123283
309,631.264,717.108,1.584123283
310,631.245,717.119,1.584170964
311,631.214,717.058,1.584248765
312,631.336,717.199,1.583942623
313,631.263,717.138,1.584125792
314,631.232,717.077,1.584203589
315,631.263,717.108,1.584125792
316,631.293,717.169,1.584050512
317,631.244,717.119,1.584173473
318,631.214,717.058,1.584248765
319,631.275,717.168,1.584095679
320,631.294,717.138,1.584048003
321,631.263,717.107,1.584125792
322,631.232,717.108,1.584203589
323,631.263,717.138,1.584125792
324,631.244,717.119,1.584173473
325,631.244,717.119,1.584173473
326,631.244,717.107,1.584173473
327,631.324,717.168,1.58397273
328,631.294,717.138,1.584048003
329,631.294,715.398,1.584048003
330,631.324,715.673,1.58397273
331,631.305,715.715,1.584020402
332,631.244,715.715,1.584173473
333,631.275,715.734,1.584095679
334,631.294,715.765,1.584048003
335,631.294,717.047,1.584048003
336,631.263,717.138,1.584125792
337,631.232,717.108,1.584203589
338,631.275,717.15,1.584095679
339,631.305,717.149,1.584020402
340,631.275,717.138,1.584095679
341,631.263,717.138,1.584125792
342,631.294,717.138,1.584048003
343,631.232,717.077,1.584203589
344,631.293,717.077,1.584050512
345,631.244,716.906,1.584173473
346,631.244,717.089,1.584173473
347,631.275,717.138,1.584095679
348,631.263,717.107,1.584125792
349,631.294,717.138,1.584048003
350,631.263,717.107,1.584125792
351,631.264,717.138,1.584123283
352,631.275,717.119,1.584095679
353,631.244,717.119,1.584173473
354,631.305,717.168,1.584020402
355,631.263,717.107,1.584125792
356,631.263,717.108,1.584125792
357,631.263,717.108,1.584125792
358,631.293,717.138,1.584050512
359,631.244,717.119,1.584173473
360,631.244,717.119,1.584173473
361,631.275,716.955,1.584095679
362,631.324,716.253,1.58397273
363,631.263,716.161,1.584125792
364,631.294,715.46,1.584048003
365,631.324,715.49,1.58397273
366,631.275,715.258,1.584095679
367,631.244,715.593,1.584173473
368,631.244,715.429,1.584173473
369,631.324,715.734,1.58397273
370,631.263,715.764,1.584125792
371,631.293,716.008,1.584050512
372,631.263,716.07,1.584125792
373,631.275,716.875,1.584095679
374,631.244,716.997,1.584173473
375,631.275,716.985,1.584095679
376,631.263,716.954,1.584125792
377,631.263,716.864,1.584125792
378,631.293,716.925,1.584050512
379,631.293,716.986,1.584050512
380,631.244,716.967,1.584173473
381,631.244,716.722,1.584173473
382,631.305,715.581,1.584020402
383,631.263,715.307,1.584125792
384,631.294,715.368,1.584048003
385,631.324,715.368,1.58397273
386,631.355,715.399,1.583894956
387,631.335,715.41,1.583945132
388,631.336,715.38,1.583942623
389,631.275,715.337,1.584095679
390,631.325,715.368,1.583970221
391,631.294,715.337,1.584048003
392,631.263,715.337,1.584125792
393,631.294,715.368,1.584048003
394,631.305,715.349,1.584020402
395,631.274,715.349,1.584098189
396,631.305,715.368,1.584020402
397,631.355,715.398,1.583894956
398,631.294,715.338,1.584048003
399,631.324,715.368,1.58397273
400,631.324,715.399,1.58397273
401,631.305,715.379,1.584020402
402,631.274,715.349,1.584098189
403,631.354,715.398,1.583897465
404,631.263,715.337,1.584125792
405,631.293,715.337,1.584050512
406,631.324,715.338,1.58397273
407,631.324,715.368,1.58397273
408,631.244,715.471,1.584173473
409,631.244,715.288,1.584173473
410,631.232,715.276,1.584203589
411,631.324,715.795,1.58397273
412,631.294,715.49,1.584048003
413,631.263,715.429,1.584125792
414,631.325,715.399,1.583970221
415,631.275,715.349,1.584095679
416,631.275,715.41,1.584095679
417,631.324,715.429,1.58397273
418,631.293,715.398,1.584050512
419,631.294,715.429,1.584048003
420,631.263,715.277,1.584125792
421,631.263,716.101,1.584125792
422,631.275,716.997,1.584095679
423,631.244,717.088,1.584173473
424,631.355,715.642,1.583894956
425,631.324,715.612,1.58397273
426,631.355,715.612,1.583894956
427,631.293,715.551,1.584050512
428,631.293,715.551,1.584050512
429,631.305,715.563,1.584020402
430,631.275,715.593,1.584095679
431,631.324,715.612,1.58397273
432,631.293,715.581,1.584050512
433,631.354,715.642,1.583897465
434,631.324,715.612,1.58397273
435,631.324,715.582,1.58397273
436,631.336,715.593,1.583942623
437,631.306,715.563,1.584017893
438,631.324,715.612,1.58397273
439,631.294,715.551,1.584048003
440,631.325,715.613,1.583970221
441,631.325,715.613,1.583970221
442,631.324,715.643,1.58397273
443,631.336,715.624,1.583942623
444,631.305,715.593,1.584020402
445,631.294,715.612,1.584048003
446,631.294,715.642,1.584048003
447,631.355,715.673,1.583894956
448,631.324,715.612,1.58397273
449,631.294,715.612,1.584048003
450,631.275,715.563,1.584095679
451,631.305,715.593,1.584020402
452,631.324,715.581,1.58397273
453,631.294,715.642,1.584048003
454,631.354,715.642,1.583897465
455,631.263,715.612,1.584125792
456,631.355,715.643,1.583894956
457,631.305,715.624,1.584020402
458,631.275,715.563,1.584095679
459,631.324,715.643,1.58397273
460,631.325,715.612,1.583970221
461,631.325,715.643,1.583970221
462,631.324,715.49,1.58397273
463,631.354,715.551,1.583897465
464,631.244,715.593,1.584173473
465,631.275,715.593,1.584095679
466,631.324,715.642,1.58397273
467,631.263,715.612,1.584125792
468,631.263,715.582,1.584125792
469,631.263,715.582,1.584125792
470,631.263,715.582,1.584125792
471,631.274,715.593,1.584098189
472,631.244,715.46,1.584173473
473,631.324,715.52,1.58397273
474,631.324,715.52,1.58397273
475,631.324,715.612,1.58397273
476,631.324,715.581,1.58397273
477,631.305,715.532,1.584020402
478,631.245,715.502,1.584170964
479,631.275,715.551,1.584095679
480,631.294,715.551,1.584048003
481,631.294,715.52,1.584048003
482,631.263,715.521,1.584125792
483,631.324,715.582,1.58397273
484,631.244,715.532,1.584173473
485,631.274,715.501,1.584098189
486,631.305,715.581,1.584020402
487,631.324,715.551,1.58397273
488,631.293,715.551,1.584050512
489,631.324,715.521,1.58397273
490,631.293,715.49,1.584050512
491,631.244,715.441,1.584173473
492,631.244,715.471,1.584173473
493,631.274,715.49,1.584098189
494,631.263,715.49,1.584125792
495,631.294,715.49,1.584048003
496,631.263,715.49,1.584125792
497,631.263,715.52,1.584125792
498,631.336,715.624,1.583942623
499,631.275,715.502,1.584095679
500,631.214,715.429,1.584248765
501,631.294,715.582,1.584048003
502,631.355,715.551,1.583894956
503,631.324,715.521,1.58397273
504,631.293,715.521,1.584050512
505,631.244,715.471,1.584173473
506,631.244,715.44,1.584173473
507,631.305,715.52,1.584020402
508,631.294,715.49,1.584048003
509,631.324,715.52,1.58397273
510,631.294,715.46,1.584048003
511,631.293,715.49,1.584050512
512,631.244,715.471,1.584173473
513,631.275,715.715,1.584095679
514,631.305,715.551,1.584020402
515,631.294,715.49,1.584048003
516,631.294,715.52,1.584048003
517,631.294,715.52,1.584048003
518,631.324,715.551,1.58397273
519,631.275,715.471,1.584095679
520,631.306,715.502,1.584017893
521,631.275,715.521,1.584095679
522,631.294,715.551,1.584048003
523,631.294,715.52,1.584048003
524,631.294,715.521,1.584048003
525,631.232,715.46,1.584203589
526,631.275,715.502,1.584095679
527,631.305,715.501,1.584020402
528,631.244,715.49,1.584173473
529,631.263,715.459,1.584125792
530,631.324,715.52,1.58397273
531,631.294,715.46,1.584048003
532,631.324,715.551,1.58397273
533,631.244,715.441,1.584173473
534,631.275,715.502,1.584095679
535,631.244,715.49,1.584173473
536,631.294,715.49,1.584048003
537,631.324,715.52,1.58397273
538,631.324,715.52,1.58397273
539,631.324,715.551,1.58397273
540,631.275,715.471,1.584095679
541,631.275,715.471,1.584095679
542,631.275,715.49,1.584095679
543,631.294,715.521,1.584048003
544,631.355,715.552,1.583894956
545,631.324,715.521,1.58397273
546,631.354,715.551,1.583897465
547,631.305,715.563,1.584020402
548,631.274,715.44,1.584098189
549,631.274,715.551,1.584098189
550,631.354,715.581,1.583897465
551,631.293,715.52,1.584050512
552,631.293,715.52,1.584050512
553,631.263,715.49,1.584125792
554,631.244,715.471,1.584173473
555,631.244,715.471,1.584173473
556,631.305,715.551,1.584020402
557,631.324,715.52,1.58397273
558,631.263,715.52,1.584125792
559,631.324,715.52,1.58397273
560,631.294,715.49,1.584048003
561,631.275,715.441,1.584095679
562,631.275,715.227,1.584095679
563,631.305,717.168,1.584020402
564,631.232,716.192,1.584203589
565,631.233,717.016,1.584201079
566,631.324,717.047,1.58397273
567,631.263,716.406,1.584125792
568,631.275,715.532,1.584095679
569,631.244,715.471,1.584173473
570,631.244,715.49,1.584173473
571,631.324,715.551,1.58397273
572,631.293,715.52,1.584050512
573,631.263,715.52,1.584125792
574,631.293,715.49,1.584050512
575,631.275,715.532,1.584095679
576,631.275,715.532,1.584095679
577,631.263,715.521,1.584125792
578,631.293,715.52,1.584050512
579,631.263,715.49,1.584125792
580,631.324,715.551,1.58397273
581,631.294,716.283,1.584048003
582,631.305,716.57,1.584020402
583,631.305,715.532,1.584020402
584,631.355,715.551,1.583894956
585,631.263,715.521,1.584125792
586,631.324,715.521,1.58397273
587,631.293,715.551,1.584050512
588,631.294,715.551,1.584048003
589,631.306,715.655,1.584017893
590,631.305,715.532,1.584020402
591,631.293,715.52,1.584050512
592,631.324,715.551,1.58397273
593,631.293,715.52,1.584050512
594,631.293,715.551,1.584050512
595,631.293,715.49,1.584050512
596,631.305,715.532,1.584020402
597,631.244,715.471,1.584173473
598,631.324,715.551,1.58397273
599,631.294,715.49,1.584048003
600,631.324,715.52,1.58397273
601,631.293,715.52,1.584050512
602,631.294,715.52,1.584048003
603,631.275,715.471,1.584095679
604,631.275,715.532,1.584095679
605,631.263,715.49,1.584125792
606,631.263,715.49,1.584125792
607,631.293,715.521,1.584050512
608,631.294,715.521,1.584048003
609,631.355,715.582,1.583894956
610,631.275,715.502,1.584095679
611,631.305,715.502,1.584020402
612,631.294,715.49,1.584048003
613,631.294,715.52,1.584048003
614,631.263,715.459,1.584125792
615,631.294,715.49,1.584048003
616,631.293,715.49,1.584050512
617,631.244,715.471,1.584173473
618,631.274,715.471,1.584098189
619,631.324,715.551,1.58397273
620,631.324,715.52,1.58397273
621,631.293,715.52,1.584050512
622,631.324,715.52,1.58397273
623,631.294,715.52,1.584048003
624,631.306,715.532,1.584017893
625,631.245,715.441,1.584170964
626,631.325,715.551,1.583970221
627,631.263,715.49,1.584125792
628,631.293,715.52,1.584050512
629,631.293,715.49,1.584050512
630,631.263,715.49,1.584125792
631,631.305,715.502,1.584020402
632,631.275,715.502,1.584095679
633,631.355,715.551,1.583894956
634,631.263,715.49,1.584125792
635,631.263,715.52,1.584125792
636,631.293,715.52,1.584050512
637,631.293,715.49,1.584050512
638,631.244,715.502,1.584173473
639,631.274,715.502,1.584098189
640,631.324,715.551,1.58397273
641,631.294,715.49,1.584048003
642,631.263,715.49,1.584125792
643,631.263,715.49,1.584125792
644,631.325,715.551,1.583970221
645,631.244,715.257,1.584173473
646,631.244,716.65,1.584173473
647,631.263,716.741,1.584125792
648,631.202,716.741,1.584278884
649,631.263,715.368,1.584125792
650,631.324,715.521,1.58397273
651,631.244,715.471,1.584173473
652,631.305,715.532,1.584020402
653,631.275,715.521,1.584095679
654,631.294,715.52,1.584048003
655,631.263,715.49,1.584125792
656,631.294,715.52,1.584048003
657,631.293,715.551,1.584050512
658,631.335,715.563,1.583945132
659,631.274,715.471,1.584098189
660,631.274,715.49,1.584098189
661,631.294,715.521,1.584048003
662,631.263,715.521,1.584125792
663,631.355,715.551,1.583894956
664,631.294,715.49,1.584048003
665,631.306,715.532,1.584017893
666,631.275,715.501,1.584095679
667,631.275,715.49,1.584095679
668,631.264,715.46,1.584123283
669,631.263,715.49,1.584125792
670,631.293,715.52,1.584050512
671,631.293,715.521,1.584050512
672,631.305,715.502,1.584020402
673,631.244,715.471,1.584173473
674,631.275,715.521,1.584095679
675,631.294,715.49,1.584048003
676,631.294,715.49,1.584048003
677,631.293,715.52,1.584050512
678,631.263,715.52,1.584125792
679,631.274,715.471,1.584098189
680,631.274,715.471,1.584098189
681,631.244,715.521,1.584173473
682,631.294,715.521,1.584048003
683,631.294,715.521,1.584048003
684,631.294,715.52,1.584048003
685,631.263,715.49,1.584125792
686,631.275,715.532,1.584095679
687,631.275,715.501,1.584095679
688,631.306,715.521,1.584017893
689,631.325,715.521,1.583970221
690,631.325,715.521,1.583970221
691,631.293,715.52,1.584050512
692,631.293,715.49,1.584050512
693,631.305,715.502,1.584020402
694,631.305,715.502,1.584020402
695,631.244,715.49,1.584173473
696,631.263,715.459,1.584125792
697,631.263,715.49,1.584125792
698,631.294,715.49,1.584048003
699,631.293,715.52,1.584050512
700,631.275,715.471,1.584095679
701,631.274,715.471,1.584098189
702,631.244,715.49,1.584173473
703,631.293,715.49,1.584050512
704,631.263,715.49,1.584125792
705,631.293,715.459,1.584050512
706,631.294,715.49,1.584048003
707,631.244,715.44,1.584173473
708,631.245,715.501,1.584170964
709,631.244,715.46,1.584173473
710,631.294,715.46,1.584048003
711,631.293,715.459,1.584050512
712,631.263,715.459,1.584125792
713,631.263,715.429,1.584125792
714,631.275,715.441,1.584095679
715,631.275,715.441,1.584095679
716,631.244,715.46,1.584173473
717,631.263,715.46,1.584125792
718,631.293,715.49,1.584050512
719,631.263,715.459,1.584125792
720,631.294,715.49,1.584048003
721,631.275,715.471,1.584095679
722,631.244,715.441,1.584173473
723,631.244,715.46,1.584173473
724,631.263,715.46,1.584125792
725,631.293,715.49,1.584050512
726,631.324,715.49,1.58397273
727,631.294,715.52,1.584048003
728,631.275,715.471,1.584095679
729,631.245,715.471,1.584170964
730,631.275,715.49,1.584095679
731,631.263,715.49,1.584125792
732,631.263,715.459,1.584125792
733,631.263,715.49,1.584125792
734,631.324,715.551,1.58397273
735,631.274,715.471,1.584098189
736,631.274,715.471,1.584098189
737,631.214,715.399,1.584248765
738,631.263,715.429,1.584125792
739,631.293,715.459,1.584050512
740,631.293,715.49,1.584050512
741,631.324,715.49,1.58397273
742,631.305,715.532,1.584020402
743,631.244,715.38,1.584173473
744,631.244,715.429,1.584173473
745,631.294,715.46,1.584048003
746,631.294,715.46,1.584048003
747,631.202,715.368,1.584278884
748,631.233,715.398,1.584201079
749,631.245,715.41,1.584170964
750,631.275,715.44,1.584095679
751,631.264,715.429,1.584123283
752,631.232,715.429,1.584203589
753,631.294,715.49,1.584048003
754,631.232,715.49,1.584203589
755,631.263,715.49,1.584125792
756,631.274,715.41,1.584098189
757,631.244,715.441,1.584173473
758,631.263,715.49,1.584125792
759,631.233,715.46,1.584201079
760,631.294,715.49,1.584048003
761,631.294,715.49,1.584048003
762,631.324,715.52,1.58397273
763,631.244,715.471,1.584173473
764,631.275,715.471,1.584095679
765,631.263,715.46,1.584125792
766,631.263,715.49,1.584125792
767,631.263,715.49,1.584125792
768,631.263,715.49,1.584125792
769,631.294,715.49,1.584048003
770,631.275,715.501,1.584095679
771,631.245,715.471,1.584170964
772,631.294,715.52,1.584048003
773,631.264,715.46,1.584123283
774,631.263,715.49,1.584125792
775,631.324,715.52,1.58397273
776,631.293,715.52,1.584050512
777,631.275,715.502,1.584095679
778,631.335,715.532,1.583945132
779,631.324,715.551,1.58397273
780,631.263,715.49,1.584125792
781,631.324,715.459,1.58397273
782,631.294,715.429,1.584048003
783,631.324,715.49,1.58397273
784,631.274,715.44,1.584098189
785,631.305,715.471,1.584020402
786,631.263,715.429,1.584125792
787,631.294,715.46,1.584048003
788,631.354,715.551,1.583897465
789,631.294,715.49,1.584048003
790,631.294,715.429,1.584048003
791,631.275,715.44,1.584095679
792,631.336,715.501,1.583942623
793,631.294,715.459,1.584048003
794,631.325,715.46,1.583970221
795,631.263,715.429,1.584125792
796,631.293,715.459,1.584050512
797,631.293,715.459,1.584050512
798,631.274,715.41,1.584098189
799,631.275,715.441,1.584095679
800,631.294,715.46,1.584048003
801,631.294,715.46,1.584048003
802,631.294,715.49,1.584048003
803,631.294,715.459,1.584048003
804,631.263,715.429,1.584125792
805,631.274,715.44,1.584098189
806,631.275,715.471,1.584095679
807,631.263,715.46,1.584125792
808,631.263,715.429,1.584125792
809,631.263,715.46,1.584125792
810,631.293,715.49,1.584050512
811,631.264,715.429,1.584123283
812,631.275,715.44,1.584095679
813,631.275,715.471,1.584095679
814,631.294,715.459,1.584048003
815,631.263,715.429,1.584125792
816,631.324,715.49,1.58397273
817,631.293,715.459,1.584050512
818,631.263,715.459,1.584125792
819,631.244,715.44,1.584173473
820,631.305,715.471,1.584020402
821,631.294,715.46,1.584048003
822,631.294,715.49,1.584048003
823,631.263,715.46,1.584125792
824,631.293,715.459,1.584050512
825,631.274,715.44,1.584098189
826,631.274,715.471,1.584098189
827,631.275,715.49,1.584095679
828,631.263,715.429,1.584125792
829,631.294,715.46,1.584048003
830,631.294,715.46,1.584048003
831,631.293,715.49,1.584050512
832,631.275,715.44,1.584095679
833,631.275,715.44,1.584095679
834,631.245,715.429,1.584170964
835,631.294,715.49,1.584048003
836,631.263,715.46,1.584125792
837,631.324,715.49,1.58397273
838,631.293,715.459,1.584050512
839,631.274,715.44,1.584098189
840,631.244,715.44,1.584173473
841,631.244,715.46,1.584173473
842,631.324,715.49,1.58397273
843,631.324,715.49,1.58397273
844,631.263,715.429,1.584125792
845,631.263,715.917,1.584125792
846,631.244,715.654,1.584173473
847,631.244,715.623,1.584173473
848,631.244,715.642,1.584173473
849,631.263,715.643,1.584125792
850,631.263,715.612,1.584125792
851,631.294,715.643,1.584048003
852,631.202,715.154,1.584278884
853,631.244,717.119,1.584173473
854,631.274,716.996,1.584098189
855,631.183,716.1,1.584326574
856,631.263,715.642,1.584125792
857,631.294,715.674,1.584048003
858,631.264,715.612,1.584123283
859,631.263,715.643,1.584125792
860,631.275,715.654,1.584095679
861,631.275,715.624,1.584095679
862,631.274,715.643,1.584098189
863,631.324,715.643,1.58397273
864,631.263,715.643,1.584125792
865,631.294,715.673,1.584048003
866,631.294,715.612,1.584048003
867,631.275,715.593,1.584095679
868,631.305,715.623,1.584020402
869,631.244,715.612,1.584173473
870,631.324,715.673,1.58397273
871,631.324,715.643,1.58397273
872,631.294,715.673,1.584048003
873,631.294,715.643,1.584048003
874,631.274,715.654,1.584098189
875,631.275,715.593,1.584095679
876,631.275,715.642,1.584095679
877,631.263,715.642,1.584125792
878,631.294,715.643,1.584048003
879,631.325,715.643,1.583970221
880,631.263,715.643,1.584125792
881,631.244,715.593,1.584173473
882,631.275,715.624,1.584095679
883,631.305,715.673,1.584020402
884,631.293,715.612,1.584050512
885,631.233,715.582,1.584201079
886,631.263,715.612,1.584125792
887,631.324,715.673,1.58397273
888,631.305,715.623,1.584020402
889,631.274,715.623,1.584098189
890,631.274,715.642,1.584098189
891,631.263,715.642,1.584125792
892,631.293,715.643,1.584050512
893,631.263,715.612,1.584125792
894,631.294,715.643,1.584048003
895,631.275,715.624,1.584095679
896,631.275,715.593,1.584095679
897,631.275,715.612,1.584095679
898,631.293,715.642,1.584050512
899,631.294,715.674,1.584048003
900,631.233,715.582,1.584201079
901,631.325,715.643,1.583970221
902,631.275,715.624,1.584095679
903,631.213,715.562,1.584251275
904,631.244,715.642,1.584173473
905,631.293,715.643,1.584050512
906,631.263,715.643,1.584125792
907,631.263,715.643,1.584125792
908,631.324,715.673,1.58397273
909,631.305,715.623,1.584020402
910,631.274,715.623,1.584098189
911,631.274,715.673,1.584098189
912,631.263,715.642,1.584125792
913,631.263,715.612,1.584125792
914,631.233,715.582,1.584201079
915,631.263,715.612,1.584125792
916,631.305,715.654,1.584020402
917,631.214,715.562,1.584248765
918,631.305,715.642,1.584020402
919,631.293,715.673,1.584050512
920,631.264,715.613,1.584123283
921,631.263,715.643,1.584125792
922,631.233,715.581,1.584201079
923,631.275,715.624,1.584095679
924,631.305,715.654,1.584020402
925,631.263,715.612,1.584125792
926,631.293,715.612,1.584050512
927,631.293,715.612,1.584050512
928,631.202,715.551,1.584278884
929,631.294,715.643,1.584048003
930,631.305,715.654,1.584020402
931,631.275,715.623,1.584095679
932,631.263,715.612,1.584125792
933,631.293,715.642,1.584050512
934,631.263,715.612,1.584125792
935,631.293,715.612,1.584050512
936,631.263,715.612,1.584125792
937,631.244,715.624,1.584173473
938,631.244,715.593,1.584173473
939,631.294,715.612,1.584048003
940,631.294,715.612,1.584048003
941,631.325,715.674,1.583970221
942,631.294,715.674,1.584048003
943,631.294,715.643,1.584048003
944,631.244,715.593,1.584173473
945,631.275,715.624,1.584095679
946,631.293,715.642,1.584050512
947,631.324,715.673,1.58397273
948,631.293,715.643,1.584050512
949,631.263,715.612,1.584125792
950,631.324,715.673,1.58397273
951,631.244,715.593,1.584173473
952,631.275,715.593,1.584095679
953,631.293,715.642,1.584050512
954,631.293,715.642,1.584050512
955,631.293,715.642,1.584050512
956,631.324,715.643,1.58397273
957,631.293,715.612,1.584050512
958,631.244,715.593,1.584173473
959,631.275,715.624,1.584095679
960,631.355,715.673,1.583894956
961,631.324,715.642,1.58397273
962,631.325,715.674,1.583970221
963,631.325,715.674,1.583970221
964,631.325,715.674,1.583970221
965,631.275,715.624,1.584095679
966,631.274,715.623,1.584098189
967,631.324,715.673,1.58397273
968,631.263,715.642,1.584125792
969,631.293,715.643,1.584050512
970,631.263,715.612,1.584125792
971,631.294,715.643,1.584048003
972,631.305,715.654,1.584020402
973,631.244,715.562,1.584173473
974,631.263,715.642,1.584125792
975,631.293,715.642,1.584050512
976,631.263,715.612,1.584125792
977,631.293,715.612,1.584050512
978,631.324,715.643,1.58397273
979,631.244,715.593,1.584173473
980,631.275,715.624,1.584095679
981,631.263,715.643,1.584125792
982,631.294,715.642,1.584048003
983,631.325,715.674,1.583970221
984,631.294,715.643,1.584048003
985,631.294,715.643,1.584048003
986,631.275,715.593,1.584095679
987,631.183,715.532,1.584326574
988,631.263,715.612,1.584125792
989,631.293,715.642,1.584050512
990,631.293,715.612,1.584050512
991,631.293,715.612,1.584050512
992,631.263,715.612,1.584125792
993,631.275,715.624,1.584095679
994,631.244,715.624,1.584173473
995,631.294,715.642,1.584048003
996,631.263,715.642,1.584125792
997,631.293,715.642,1.584050512
998,631.324,715.673,1.58397273
999,631.274,715.593,1.584098189
1000,631.305,715.654,1.584020402
,631.283237,,1.584075013
,0.02940635,,0.000073789087